label,seed,kt1,kt2,hunter_team,enemy,flares,flare_reveals,first_flare,first_flare_at,revealed_by,reveal_t,opener,opener_t,opener_on,traps_on_rogue,traps_on_other,winner,duration,hunter_won
Hunter+Priest_vs_Rogue+Priest,0,,,1,Priest+Rogue,1,1,4.98,"(-5, -2)",Flare,5.0,,,,1,0,Team 2,53.08,0
Hunter+Priest_vs_Rogue+Priest,1,,,1,Priest+Rogue,1,1,4.98,"(-5, -2)",Flare,5.0,,,,0,1,Team 2,54.03,0
Hunter+Priest_vs_Rogue+Priest,2,,,1,Priest+Rogue,1,1,4.98,"(-5, -2)",Flare,5.0,,,,2,0,Team 2,75.52,0
Hunter+Priest_vs_Rogue+Priest,3,,,1,Priest+Rogue,1,1,4.98,"(-5, -2)",Flare,5.0,,,,0,2,Team 2,58.8,0
Hunter+Priest_vs_Rogue+Priest,4,,,1,Priest+Rogue,1,1,4.98,"(-5, -2)",Flare,5.0,,,,0,1,Team 2,58.03,0
Hunter+Priest_vs_Rogue+Priest,5,,,1,Priest+Rogue,1,1,4.98,"(-5, -2)",Flare,5.0,,,,0,1,Team 2,68.02,0
Hunter+Priest_vs_Rogue+Priest,6,,,1,Priest+Rogue,1,1,4.98,"(-5, -2)",Flare,5.0,,,,0,1,Team 1,45.97,1
Hunter+Priest_vs_Rogue+Priest,7,,,1,Priest+Rogue,1,1,4.98,"(-5, -2)",Flare,5.0,,,,1,0,Team 2,67.74,0
Hunter+Priest_vs_Rogue+Priest,8,,,1,Priest+Rogue,1,1,4.98,"(-5, -2)",Flare,5.0,,,,0,1,Team 2,54.0,0
Hunter+Priest_vs_Rogue+Priest,9,,,1,Priest+Rogue,1,1,4.98,"(-5, -2)",Flare,5.0,,,,0,1,Team 2,54.27,0
Hunter+Priest_vs_Rogue+Priest,0,0,0,1,Priest+Rogue,1,1,4.98,"(-5, -2)",Flare,5.0,,,,0,1,Team 1,41.75,1
Hunter+Priest_vs_Rogue+Priest,1,0,0,1,Priest+Rogue,1,1,4.98,"(-5, -2)",Flare,5.0,,,,0,1,Team 1,34.98,1
Hunter+Priest_vs_Rogue+Priest,2,0,0,1,Priest+Rogue,1,1,4.98,"(-5, -2)",Flare,5.0,,,,0,1,Team 1,43.3,1
Hunter+Priest_vs_Rogue+Priest,3,0,0,1,Priest+Rogue,1,1,4.98,"(-5, -2)",Flare,5.0,,,,0,1,Team 1,39.7,1
Hunter+Priest_vs_Rogue+Priest,4,0,0,1,Priest+Rogue,1,1,4.98,"(-5, -2)",Flare,5.0,,,,0,1,Team 1,42.45,1
Hunter+Priest_vs_Rogue+Priest,5,0,0,1,Priest+Rogue,1,1,4.98,"(-5, -2)",Flare,5.0,,,,0,0,Team 1,39.17,1
Hunter+Priest_vs_Rogue+Priest,6,0,0,1,Priest+Rogue,1,1,4.98,"(-5, -2)",Flare,5.0,,,,0,1,Team 1,42.45,1
Hunter+Priest_vs_Rogue+Priest,7,0,0,1,Priest+Rogue,1,1,4.98,"(-5, -2)",Flare,5.0,,,,0,1,Team 1,42.18,1
Hunter+Priest_vs_Rogue+Priest,8,0,0,1,Priest+Rogue,1,1,4.98,"(-5, -2)",Flare,5.0,,,,0,1,Team 1,44.87,1
Hunter+Priest_vs_Rogue+Priest,9,0,0,1,Priest+Rogue,1,1,4.98,"(-5, -2)",Flare,5.0,,,,0,1,Team 1,44.87,1
Hunter+Priest_vs_Rogue+Paladin,0,,,1,Paladin+Rogue,1,1,4.98,"(-5, -1)",Flare,5.0,,,,1,0,Team 1,76.94,1
Hunter+Priest_vs_Rogue+Paladin,1,,,1,Paladin+Rogue,1,1,4.98,"(-5, -1)",Flare,5.0,,,,0,2,Team 1,72.84,1
Hunter+Priest_vs_Rogue+Paladin,2,,,1,Paladin+Rogue,1,1,4.98,"(-5, -1)",Flare,5.0,,,,0,2,Team 1,87.11,1
Hunter+Priest_vs_Rogue+Paladin,3,,,1,Paladin+Rogue,1,1,4.98,"(-5, -1)",Flare,5.0,,,,1,0,Team 2,64.5,0
Hunter+Priest_vs_Rogue+Paladin,4,,,1,Paladin+Rogue,1,1,4.98,"(-5, -1)",Flare,5.0,,,,0,2,Team 1,142.39,1
Hunter+Priest_vs_Rogue+Paladin,5,,,1,Paladin+Rogue,1,1,4.98,"(-5, -1)",Flare,5.0,,,,0,2,Team 2,61.33,0
Hunter+Priest_vs_Rogue+Paladin,6,,,1,Paladin+Rogue,1,1,4.98,"(-5, -1)",Flare,5.0,,,,0,2,Team 2,61.15,0
Hunter+Priest_vs_Rogue+Paladin,7,,,1,Paladin+Rogue,1,1,4.98,"(-5, -1)",Flare,5.0,,,,0,1,Team 1,131.21,1
Hunter+Priest_vs_Rogue+Paladin,8,,,1,Paladin+Rogue,1,1,4.98,"(-5, -1)",Flare,5.0,,,,0,1,Team 2,53.4,0
Hunter+Priest_vs_Rogue+Paladin,9,,,1,Paladin+Rogue,1,1,4.98,"(-5, -1)",Flare,5.0,,,,2,0,Team 2,70.69,0
Hunter+Priest_vs_Rogue+Paladin,0,0,0,1,Paladin+Rogue,1,1,4.98,"(-5, -2)",Flare,5.0,,,,0,2,Team 1,72.35,1
Hunter+Priest_vs_Rogue+Paladin,1,0,0,1,Paladin+Rogue,1,1,4.98,"(-5, -2)",Flare,5.0,,,,0,2,Team 1,113.35,1
Hunter+Priest_vs_Rogue+Paladin,2,0,0,1,Paladin+Rogue,1,1,4.98,"(-5, -2)",Flare,5.0,,,,0,1,Team 1,131.94,1
Hunter+Priest_vs_Rogue+Paladin,3,0,0,1,Paladin+Rogue,1,1,4.98,"(-5, -2)",Flare,5.0,,,,0,1,Team 2,45.4,0
Hunter+Priest_vs_Rogue+Paladin,4,0,0,1,Paladin+Rogue,1,1,4.98,"(-5, -2)",Flare,5.0,,,,0,2,Team 1,72.25,1
Hunter+Priest_vs_Rogue+Paladin,5,0,0,1,Paladin+Rogue,1,1,4.98,"(-5, -2)",Flare,5.0,,,,0,1,Team 1,95.94,1
Hunter+Priest_vs_Rogue+Paladin,6,0,0,1,Paladin+Rogue,1,1,4.98,"(-5, -2)",Flare,5.0,,,,0,2,Team 1,76.95,1
Hunter+Priest_vs_Rogue+Paladin,7,0,0,1,Paladin+Rogue,1,1,4.98,"(-5, -2)",Flare,5.0,,,,1,1,Team 1,102.66,1
Hunter+Priest_vs_Rogue+Paladin,8,0,0,1,Paladin+Rogue,1,1,4.98,"(-5, -2)",Flare,5.0,,,,0,1,Team 2,57.87,0
Hunter+Priest_vs_Rogue+Paladin,9,0,0,1,Paladin+Rogue,1,1,4.98,"(-5, -2)",Flare,5.0,,,,0,1,Team 1,79.39,1
Hunter+Priest_vs_Rogue+Warlock,0,,,1,Rogue+Warlock,1,1,5.15,"(-6, -2)",Flare,5.17,,,,1,0,Team 1,42.53,1
Hunter+Priest_vs_Rogue+Warlock,1,,,1,Rogue+Warlock,1,1,5.15,"(-6, -2)",Flare,5.17,,,,0,0,Team 1,35.88,1
Hunter+Priest_vs_Rogue+Warlock,2,,,1,Rogue+Warlock,1,1,5.15,"(-6, -2)",Flare,5.17,,,,1,0,Team 1,40.57,1
Hunter+Priest_vs_Rogue+Warlock,3,,,1,Rogue+Warlock,1,1,5.15,"(-6, -2)",Flare,5.17,,,,0,0,Team 1,30.02,1
Hunter+Priest_vs_Rogue+Warlock,4,,,1,Rogue+Warlock,1,1,5.15,"(-6, -2)",Flare,5.17,,,,0,0,Team 1,29.75,1
Hunter+Priest_vs_Rogue+Warlock,5,,,1,Rogue+Warlock,1,1,5.15,"(-6, -2)",Flare,5.17,,,,0,0,Team 1,34.28,1
Hunter+Priest_vs_Rogue+Warlock,6,,,1,Rogue+Warlock,1,1,5.15,"(-6, -2)",Flare,5.17,,,,1,0,Team 1,41.05,1
Hunter+Priest_vs_Rogue+Warlock,7,,,1,Rogue+Warlock,1,1,5.15,"(-6, -2)",Flare,5.17,,,,0,0,Team 1,34.43,1
Hunter+Priest_vs_Rogue+Warlock,8,,,1,Rogue+Warlock,1,1,5.15,"(-6, -2)",Flare,5.17,,,,1,0,Team 2,50.57,0
Hunter+Priest_vs_Rogue+Warlock,9,,,1,Rogue+Warlock,1,1,5.15,"(-6, -2)",Flare,5.17,,,,0,0,Team 1,29.03,1
Hunter+Priest_vs_Rogue+Warlock,0,0,0,1,Rogue+Warlock,1,1,5.12,"(-4, -2)",Flare,5.13,,,,0,0,Team 2,59.47,0
Hunter+Priest_vs_Rogue+Warlock,1,0,0,1,Rogue+Warlock,1,1,5.12,"(-4, -2)",Flare,5.13,,,,0,0,Team 1,59.27,1
Hunter+Priest_vs_Rogue+Warlock,2,0,0,1,Rogue+Warlock,1,1,5.12,"(-4, -2)",Flare,5.13,,,,0,0,Team 1,39.73,1
Hunter+Priest_vs_Rogue+Warlock,3,0,0,1,Rogue+Warlock,1,1,5.12,"(-4, -2)",Flare,5.13,,,,0,0,Team 2,70.37,0
Hunter+Priest_vs_Rogue+Warlock,4,0,0,1,Rogue+Warlock,1,1,5.12,"(-4, -2)",Flare,5.13,,,,0,0,Team 1,47.12,1
Hunter+Priest_vs_Rogue+Warlock,5,0,0,1,Rogue+Warlock,1,1,5.12,"(-4, -2)",Flare,5.13,,,,0,0,Team 1,63.07,1
Hunter+Priest_vs_Rogue+Warlock,6,0,0,1,Rogue+Warlock,1,1,5.12,"(-4, -2)",Flare,5.13,,,,0,0,Team 2,50.82,0
Hunter+Priest_vs_Rogue+Warlock,7,0,0,1,Rogue+Warlock,1,1,5.12,"(-4, -2)",Flare,5.13,,,,0,0,Team 1,39.75,1
Hunter+Priest_vs_Rogue+Warlock,8,0,0,1,Rogue+Warlock,1,1,5.12,"(-4, -2)",Flare,5.13,,,,0,0,Team 1,42.52,1
Hunter+Priest_vs_Rogue+Warlock,9,0,0,1,Rogue+Warlock,1,1,5.12,"(-4, -2)",Flare,5.13,,,,0,0,Team 1,56.78,1
Hunter+Priest_vs_Rogue+Shaman,0,,,1,Rogue+Shaman,0,0,,,Freezing Trap,4.92,,,,1,0,Team 1,63.73,1
Hunter+Priest_vs_Rogue+Shaman,1,,,1,Rogue+Shaman,0,0,,,Freezing Trap,4.92,,,,1,0,Team 2,73.34,0
Hunter+Priest_vs_Rogue+Shaman,2,,,1,Rogue+Shaman,0,0,,,Freezing Trap,4.92,,,,1,0,Team 1,62.88,1
Hunter+Priest_vs_Rogue+Shaman,3,,,1,Rogue+Shaman,0,0,,,Freezing Trap,4.92,,,,1,1,Team 2,75.49,0
Hunter+Priest_vs_Rogue+Shaman,4,,,1,Rogue+Shaman,0,0,,,Freezing Trap,4.92,,,,1,0,Team 2,65.05,0
Hunter+Priest_vs_Rogue+Shaman,5,,,1,Rogue+Shaman,0,0,,,Freezing Trap,4.92,,,,1,1,Team 1,76.72,1
Hunter+Priest_vs_Rogue+Shaman,6,,,1,Rogue+Shaman,0,0,,,Freezing Trap,4.92,,,,1,1,Team 2,70.52,0
Hunter+Priest_vs_Rogue+Shaman,7,,,1,Rogue+Shaman,0,0,,,Freezing Trap,4.92,,,,1,1,Team 1,61.65,1
Hunter+Priest_vs_Rogue+Shaman,8,,,1,Rogue+Shaman,0,0,,,Freezing Trap,4.92,,,,1,0,Team 2,65.32,0
Hunter+Priest_vs_Rogue+Shaman,9,,,1,Rogue+Shaman,0,0,,,Freezing Trap,4.92,,,,2,0,Team 2,72.6,0
Hunter+Priest_vs_Rogue+Shaman,0,0,0,1,Rogue+Shaman,1,1,4.98,"(-5, -2)",Flare,5.0,,,,0,0,Team 1,27.88,1
Hunter+Priest_vs_Rogue+Shaman,1,0,0,1,Rogue+Shaman,1,1,4.98,"(-5, -2)",Flare,5.0,,,,0,0,Team 1,31.03,1
Hunter+Priest_vs_Rogue+Shaman,2,0,0,1,Rogue+Shaman,1,1,4.98,"(-5, -2)",Flare,5.0,,,,0,1,Team 1,32.48,1
Hunter+Priest_vs_Rogue+Shaman,3,0,0,1,Rogue+Shaman,1,1,4.98,"(-5, -2)",Flare,5.0,,,,0,0,Team 1,30.3,1
Hunter+Priest_vs_Rogue+Shaman,4,0,0,1,Rogue+Shaman,1,1,4.98,"(-5, -2)",Flare,5.0,,,,0,0,Team 1,30.3,1
Hunter+Priest_vs_Rogue+Shaman,5,0,0,1,Rogue+Shaman,1,1,4.98,"(-5, -2)",Flare,5.0,,,,0,1,Team 1,37.53,1
Hunter+Priest_vs_Rogue+Shaman,6,0,0,1,Rogue+Shaman,1,1,4.98,"(-5, -2)",Flare,5.0,,,,0,0,Team 1,28.92,1
Hunter+Priest_vs_Rogue+Shaman,7,0,0,1,Rogue+Shaman,1,1,4.98,"(-5, -2)",Flare,5.0,,,,0,0,Team 1,33.08,1
Hunter+Priest_vs_Rogue+Shaman,8,0,0,1,Rogue+Shaman,1,1,4.98,"(-5, -2)",Flare,5.0,,,,0,0,Team 1,33.08,1
Hunter+Priest_vs_Rogue+Shaman,9,0,0,1,Rogue+Shaman,1,1,4.98,"(-5, -2)",Flare,5.0,,,,0,0,Team 1,30.3,1
Hunter+Priest_vs_Rogue+Mage,0,,,1,Mage+Rogue,0,0,,,Freezing Trap,4.87,,,,1,0,Team 1,54.82,1
Hunter+Priest_vs_Rogue+Mage,1,,,1,Mage+Rogue,0,0,,,Freezing Trap,4.87,,,,2,0,Team 1,55.48,1
Hunter+Priest_vs_Rogue+Mage,2,,,1,Mage+Rogue,0,0,,,Freezing Trap,4.87,,,,1,0,Team 1,33.02,1
Hunter+Priest_vs_Rogue+Mage,3,,,1,Mage+Rogue,0,0,,,Freezing Trap,4.87,,,,2,0,Team 1,44.85,1
Hunter+Priest_vs_Rogue+Mage,4,,,1,Mage+Rogue,0,0,,,Freezing Trap,4.87,,,,1,0,Team 2,36.25,0
Hunter+Priest_vs_Rogue+Mage,5,,,1,Mage+Rogue,0,0,,,Freezing Trap,4.87,,,,1,0,Team 2,36.3,0
Hunter+Priest_vs_Rogue+Mage,6,,,1,Mage+Rogue,0,0,,,Freezing Trap,4.87,,,,1,0,Team 1,47.78,1
Hunter+Priest_vs_Rogue+Mage,7,,,1,Mage+Rogue,0,0,,,Freezing Trap,4.87,,,,1,0,Team 2,33.47,0
Hunter+Priest_vs_Rogue+Mage,8,,,1,Mage+Rogue,0,0,,,Freezing Trap,4.87,,,,1,0,Team 2,34.93,0
Hunter+Priest_vs_Rogue+Mage,9,,,1,Mage+Rogue,0,0,,,Freezing Trap,4.87,,,,2,0,Team 1,48.43,1
Hunter+Priest_vs_Rogue+Mage,0,0,0,1,Mage+Rogue,1,1,5.58,"(-2, -2)",Flare,5.6,,,,0,0,Team 2,31.67,0
Hunter+Priest_vs_Rogue+Mage,1,0,0,1,Mage+Rogue,1,1,5.58,"(-2, -2)",Flare,5.6,,,,0,0,Team 1,43.67,1
Hunter+Priest_vs_Rogue+Mage,2,0,0,1,Mage+Rogue,1,1,5.58,"(-2, -2)",Flare,5.6,,,,0,0,Team 1,43.83,1
Hunter+Priest_vs_Rogue+Mage,3,0,0,1,Mage+Rogue,1,1,5.58,"(-2, -2)",Flare,5.6,,,,0,0,Team 1,57.38,1
Hunter+Priest_vs_Rogue+Mage,4,0,0,1,Mage+Rogue,1,1,5.58,"(-2, -2)",Flare,5.6,,,,0,0,Team 2,25.67,0
Hunter+Priest_vs_Rogue+Mage,5,0,0,1,Mage+Rogue,1,1,5.58,"(-2, -2)",Flare,5.6,,,,0,0,Team 1,67.4,1
Hunter+Priest_vs_Rogue+Mage,6,0,0,1,Mage+Rogue,1,1,5.58,"(-2, -2)",Flare,5.6,,,,0,0,Team 1,46.13,1
Hunter+Priest_vs_Rogue+Mage,7,0,0,1,Mage+Rogue,1,1,5.58,"(-2, -2)",Flare,5.6,,,,0,0,Team 1,63.43,1
Hunter+Priest_vs_Rogue+Mage,8,0,0,1,Mage+Rogue,1,1,5.58,"(-2, -2)",Flare,5.6,,,,0,0,Team 2,56.27,0
Hunter+Priest_vs_Rogue+Mage,9,0,0,1,Mage+Rogue,1,1,5.58,"(-2, -2)",Flare,5.6,,,,0,0,Team 1,43.78,1
Hunter+Priest_vs_Rogue+Warrior,0,,,1,Rogue+Warrior,0,0,,,Freezing Trap,4.92,,,,1,0,Team 1,21.12,1
Hunter+Priest_vs_Rogue+Warrior,1,,,1,Rogue+Warrior,0,0,,,Freezing Trap,4.92,,,,1,0,Team 1,22.73,1
Hunter+Priest_vs_Rogue+Warrior,2,,,1,Rogue+Warrior,0,0,,,Freezing Trap,4.92,,,,1,0,Team 1,19.67,1
Hunter+Priest_vs_Rogue+Warrior,3,,,1,Rogue+Warrior,0,0,,,Freezing Trap,4.92,,,,1,0,Team 1,22.73,1
Hunter+Priest_vs_Rogue+Warrior,4,,,1,Rogue+Warrior,0,0,,,Freezing Trap,4.92,,,,1,0,Team 1,22.27,1
Hunter+Priest_vs_Rogue+Warrior,5,,,1,Rogue+Warrior,0,0,,,Freezing Trap,4.92,,,,1,0,Team 1,22.78,1
Hunter+Priest_vs_Rogue+Warrior,6,,,1,Rogue+Warrior,0,0,,,Freezing Trap,4.92,,,,1,0,Team 1,22.73,1
Hunter+Priest_vs_Rogue+Warrior,7,,,1,Rogue+Warrior,0,0,,,Freezing Trap,4.92,,,,1,0,Team 1,22.78,1
Hunter+Priest_vs_Rogue+Warrior,8,,,1,Rogue+Warrior,0,0,,,Freezing Trap,4.92,,,,1,0,Team 1,22.78,1
Hunter+Priest_vs_Rogue+Warrior,9,,,1,Rogue+Warrior,0,0,,,Freezing Trap,4.92,,,,1,0,Team 1,22.27,1
Hunter+Priest_vs_Rogue+Warrior,0,0,0,1,Rogue+Warrior,1,1,8.02,"(-23, -1)",Flare,8.03,,,,0,0,Team 1,30.92,1
Hunter+Priest_vs_Rogue+Warrior,1,0,0,1,Rogue+Warrior,1,1,8.02,"(-23, -1)",Flare,8.03,,,,0,0,Team 1,28.53,1
Hunter+Priest_vs_Rogue+Warrior,2,0,0,1,Rogue+Warrior,1,1,8.02,"(-23, -1)",Flare,8.03,,,,0,0,Team 1,28.53,1
Hunter+Priest_vs_Rogue+Warrior,3,0,0,1,Rogue+Warrior,1,1,8.02,"(-23, -1)",Flare,8.03,,,,0,0,Team 1,30.33,1
Hunter+Priest_vs_Rogue+Warrior,4,0,0,1,Rogue+Warrior,1,1,8.02,"(-23, -1)",Flare,8.03,,,,0,0,Team 1,28.53,1
Hunter+Priest_vs_Rogue+Warrior,5,0,0,1,Rogue+Warrior,1,1,8.02,"(-23, -1)",Flare,8.03,,,,0,0,Team 1,26.28,1
Hunter+Priest_vs_Rogue+Warrior,6,0,0,1,Rogue+Warrior,1,1,8.02,"(-23, -1)",Flare,8.03,,,,0,0,Team 1,28.35,1
Hunter+Priest_vs_Rogue+Warrior,7,0,0,1,Rogue+Warrior,1,1,8.02,"(-23, -1)",Flare,8.03,,,,0,0,Team 1,28.53,1
Hunter+Priest_vs_Rogue+Warrior,8,0,0,1,Rogue+Warrior,1,1,8.02,"(-23, -1)",Flare,8.03,,,,0,0,Team 1,28.55,1
Hunter+Priest_vs_Rogue+Warrior,9,0,0,1,Rogue+Warrior,1,1,8.02,"(-23, -1)",Flare,8.03,,,,0,0,Team 1,28.53,1
Hunter+Paladin_vs_Rogue+Priest,0,,,1,Priest+Rogue,1,1,4.98,"(-5, -2)",Flare,5.0,,,,0,1,Team 1,80.14,1
Hunter+Paladin_vs_Rogue+Priest,1,,,1,Priest+Rogue,1,1,4.98,"(-5, -2)",Flare,5.0,,,,0,1,Team 2,134.88,0
Hunter+Paladin_vs_Rogue+Priest,2,,,1,Priest+Rogue,1,1,4.98,"(-5, -2)",Flare,5.0,,,,0,1,Team 2,47.77,0
Hunter+Paladin_vs_Rogue+Priest,3,,,1,Priest+Rogue,1,1,4.98,"(-5, -2)",Flare,5.0,,,,0,1,Team 1,82.31,1
Hunter+Paladin_vs_Rogue+Priest,4,,,1,Priest+Rogue,1,1,4.98,"(-5, -2)",Flare,5.0,,,,0,1,Team 2,72.5,0
Hunter+Paladin_vs_Rogue+Priest,5,,,1,Priest+Rogue,1,1,4.98,"(-5, -2)",Flare,5.0,,,,0,1,Team 2,70.15,0
Hunter+Paladin_vs_Rogue+Priest,6,,,1,Priest+Rogue,1,1,4.98,"(-5, -2)",Flare,5.0,,,,0,1,Team 2,87.67,0
Hunter+Paladin_vs_Rogue+Priest,7,,,1,Priest+Rogue,1,1,4.98,"(-5, -2)",Flare,5.0,,,,0,0,Team 2,48.55,0
Hunter+Paladin_vs_Rogue+Priest,8,,,1,Priest+Rogue,1,1,4.98,"(-5, -2)",Flare,5.0,,,,0,1,Team 2,92.72,0
Hunter+Paladin_vs_Rogue+Priest,9,,,1,Priest+Rogue,1,1,4.98,"(-5, -2)",Flare,5.0,,,,0,2,Team 2,86.44,0
Hunter+Paladin_vs_Rogue+Priest,0,0,0,1,Priest+Rogue,1,1,4.95,"(-5, -0)",Flare,4.97,,,,0,0,Team 1,39.85,1
Hunter+Paladin_vs_Rogue+Priest,1,0,0,1,Priest+Rogue,1,1,4.95,"(-5, -0)",Flare,4.97,,,,0,0,Team 1,41.37,1
Hunter+Paladin_vs_Rogue+Priest,2,0,0,1,Priest+Rogue,1,1,4.95,"(-5, -0)",Flare,4.97,,,,0,0,Team 1,47.33,1
Hunter+Paladin_vs_Rogue+Priest,3,0,0,1,Priest+Rogue,1,1,4.95,"(-5, -0)",Flare,4.97,,,,0,1,Team 2,48.38,0
Hunter+Paladin_vs_Rogue+Priest,4,0,0,1,Priest+Rogue,1,1,4.95,"(-5, -0)",Flare,4.97,,,,0,0,Team 1,35.02,1
Hunter+Paladin_vs_Rogue+Priest,5,0,0,1,Priest+Rogue,1,1,4.95,"(-5, -0)",Flare,4.97,,,,0,1,Team 1,40.82,1
Hunter+Paladin_vs_Rogue+Priest,6,0,0,1,Priest+Rogue,1,1,4.95,"(-5, -0)",Flare,4.97,,,,0,0,Team 1,41.63,1
Hunter+Paladin_vs_Rogue+Priest,7,0,0,1,Priest+Rogue,1,1,4.95,"(-5, -0)",Flare,4.97,,,,0,0,Team 1,41.47,1
Hunter+Paladin_vs_Rogue+Priest,8,0,0,1,Priest+Rogue,1,1,4.95,"(-5, -0)",Flare,4.97,,,,0,0,Team 1,48.72,1
Hunter+Paladin_vs_Rogue+Priest,9,0,0,1,Priest+Rogue,1,1,4.95,"(-5, -0)",Flare,4.97,,,,0,0,Team 1,39.87,1
Hunter+Paladin_vs_Rogue+Paladin,0,,,1,Paladin+Rogue,1,1,4.98,"(-5, -1)",Flare,5.0,,,,0,2,Team 2,112.36,0
Hunter+Paladin_vs_Rogue+Paladin,1,,,1,Paladin+Rogue,1,1,4.98,"(-5, -1)",Flare,5.0,,,,2,0,Team 2,75.42,0
Hunter+Paladin_vs_Rogue+Paladin,2,,,1,Paladin+Rogue,1,1,4.98,"(-5, -1)",Flare,5.0,,,,0,1,Team 2,50.23,0
Hunter+Paladin_vs_Rogue+Paladin,3,,,1,Paladin+Rogue,1,1,4.98,"(-5, -1)",Flare,5.0,,,,1,1,Team 2,100.48,0
Hunter+Paladin_vs_Rogue+Paladin,4,,,1,Paladin+Rogue,1,1,4.98,"(-5, -1)",Flare,5.0,,,,1,1,Team 2,152.54,0
Hunter+Paladin_vs_Rogue+Paladin,5,,,1,Paladin+Rogue,1,1,4.98,"(-5, -1)",Flare,5.0,,,,2,0,Team 2,104.21,0
Hunter+Paladin_vs_Rogue+Paladin,6,,,1,Paladin+Rogue,1,1,4.98,"(-5, -1)",Flare,5.0,,,,1,0,Team 1,108.58,1
Hunter+Paladin_vs_Rogue+Paladin,7,,,1,Paladin+Rogue,1,1,4.98,"(-5, -1)",Flare,5.0,,,,2,0,Team 2,73.45,0
Hunter+Paladin_vs_Rogue+Paladin,8,,,1,Paladin+Rogue,1,1,4.98,"(-5, -1)",Flare,5.0,,,,2,0,Team 2,94.37,0
Hunter+Paladin_vs_Rogue+Paladin,9,,,1,Paladin+Rogue,1,1,4.98,"(-5, -1)",Flare,5.0,,,,0,1,Team 2,47.88,0
Hunter+Paladin_vs_Rogue+Paladin,0,0,0,1,Paladin+Rogue,1,1,4.95,"(-5, -0)",Flare,4.97,,,,0,0,Team 1,83.56,1
Hunter+Paladin_vs_Rogue+Paladin,1,0,0,1,Paladin+Rogue,1,1,4.95,"(-5, -0)",Flare,4.97,,,,0,2,Team 2,72.74,0
Hunter+Paladin_vs_Rogue+Paladin,2,0,0,1,Paladin+Rogue,1,1,4.95,"(-5, -0)",Flare,4.97,,,,0,1,Team 1,85.82,1
Hunter+Paladin_vs_Rogue+Paladin,3,0,0,1,Paladin+Rogue,1,1,4.95,"(-5, -0)",Flare,4.97,,,,0,1,Team 2,70.62,0
Hunter+Paladin_vs_Rogue+Paladin,4,0,0,1,Paladin+Rogue,1,1,4.95,"(-5, -0)",Flare,4.97,,,,0,1,Team 2,88.76,0
Hunter+Paladin_vs_Rogue+Paladin,5,0,0,1,Paladin+Rogue,1,1,4.95,"(-5, -0)",Flare,4.97,,,,0,1,Team 1,153.79,1
Hunter+Paladin_vs_Rogue+Paladin,6,0,0,1,Paladin+Rogue,1,1,4.95,"(-5, -0)",Flare,4.97,,,,0,2,Team 2,68.27,0
Hunter+Paladin_vs_Rogue+Paladin,7,0,0,1,Paladin+Rogue,1,1,4.95,"(-5, -0)",Flare,4.97,,,,0,1,Team 1,86.82,1
Hunter+Paladin_vs_Rogue+Paladin,8,0,0,1,Paladin+Rogue,1,1,4.95,"(-5, -0)",Flare,4.97,,,,0,2,Team 2,69.75,0
Hunter+Paladin_vs_Rogue+Paladin,9,0,0,1,Paladin+Rogue,1,1,4.95,"(-5, -0)",Flare,4.97,,,,0,1,Team 1,171.82,1
Hunter+Paladin_vs_Rogue+Warlock,0,,,1,Rogue+Warlock,1,1,5.15,"(-6, -2)",Flare,5.17,,,,0,0,Team 1,28.33,1
Hunter+Paladin_vs_Rogue+Warlock,1,,,1,Rogue+Warlock,1,1,5.15,"(-6, -2)",Flare,5.17,,,,0,0,Team 1,33.18,1
Hunter+Paladin_vs_Rogue+Warlock,2,,,1,Rogue+Warlock,1,1,5.15,"(-6, -2)",Flare,5.17,,,,0,0,Team 1,28.33,1
Hunter+Paladin_vs_Rogue+Warlock,3,,,1,Rogue+Warlock,1,1,5.15,"(-6, -2)",Flare,5.17,,,,0,0,Team 1,33.1,1
Hunter+Paladin_vs_Rogue+Warlock,4,,,1,Rogue+Warlock,1,1,5.15,"(-6, -2)",Flare,5.17,,,,0,0,Team 1,33.1,1
Hunter+Paladin_vs_Rogue+Warlock,5,,,1,Rogue+Warlock,1,1,5.15,"(-6, -2)",Flare,5.17,,,,0,0,Team 1,32.92,1
Hunter+Paladin_vs_Rogue+Warlock,6,,,1,Rogue+Warlock,1,1,5.15,"(-6, -2)",Flare,5.17,,,,0,0,Team 1,32.95,1
Hunter+Paladin_vs_Rogue+Warlock,7,,,1,Rogue+Warlock,1,1,5.15,"(-6, -2)",Flare,5.17,,,,0,0,Team 1,32.37,1
Hunter+Paladin_vs_Rogue+Warlock,8,,,1,Rogue+Warlock,1,1,5.15,"(-6, -2)",Flare,5.17,,,,0,0,Team 1,34.62,1
Hunter+Paladin_vs_Rogue+Warlock,9,,,1,Rogue+Warlock,1,1,5.15,"(-6, -2)",Flare,5.17,,,,0,0,Team 1,33.1,1
Hunter+Paladin_vs_Rogue+Warlock,0,0,0,1,Rogue+Warlock,1,1,5.12,"(-4, -0)",Flare,5.13,,,,0,0,Team 1,78.47,1
Hunter+Paladin_vs_Rogue+Warlock,1,0,0,1,Rogue+Warlock,1,1,5.12,"(-4, -0)",Flare,5.13,,,,0,0,Team 1,77.29,1
Hunter+Paladin_vs_Rogue+Warlock,2,0,0,1,Rogue+Warlock,1,1,5.12,"(-4, -0)",Flare,5.13,,,,0,0,Team 2,39.2,0
Hunter+Paladin_vs_Rogue+Warlock,3,0,0,1,Rogue+Warlock,1,1,5.12,"(-4, -0)",Flare,5.13,,,,0,0,Team 2,42.2,0
Hunter+Paladin_vs_Rogue+Warlock,4,0,0,1,Rogue+Warlock,1,1,5.12,"(-4, -0)",Flare,5.13,,,,0,0,Team 1,71.64,1
Hunter+Paladin_vs_Rogue+Warlock,5,0,0,1,Rogue+Warlock,1,1,5.12,"(-4, -0)",Flare,5.13,,,,0,0,Team 1,82.94,1
Hunter+Paladin_vs_Rogue+Warlock,6,0,0,1,Rogue+Warlock,1,1,5.12,"(-4, -0)",Flare,5.13,,,,0,0,Team 1,83.92,1
Hunter+Paladin_vs_Rogue+Warlock,7,0,0,1,Rogue+Warlock,1,1,5.12,"(-4, -0)",Flare,5.13,,,,0,0,Team 1,69.52,1
Hunter+Paladin_vs_Rogue+Warlock,8,0,0,1,Rogue+Warlock,1,1,5.12,"(-4, -0)",Flare,5.13,,,,0,0,Team 1,72.22,1
Hunter+Paladin_vs_Rogue+Warlock,9,0,0,1,Rogue+Warlock,1,1,5.12,"(-4, -0)",Flare,5.13,,,,0,0,Team 1,75.7,1
Hunter+Paladin_vs_Rogue+Shaman,0,,,1,Rogue+Shaman,0,0,,,Freezing Trap,4.92,,,,1,1,Team 2,101.53,0
Hunter+Paladin_vs_Rogue+Shaman,1,,,1,Rogue+Shaman,0,0,,,Freezing Trap,4.92,,,,2,0,Team 1,77.69,1
Hunter+Paladin_vs_Rogue+Shaman,2,,,1,Rogue+Shaman,0,0,,,Freezing Trap,4.92,,,,2,0,Team 1,76.92,1
Hunter+Paladin_vs_Rogue+Shaman,3,,,1,Rogue+Shaman,0,0,,,Freezing Trap,4.92,,,,1,1,DRAW,299.69,0
Hunter+Paladin_vs_Rogue+Shaman,4,,,1,Rogue+Shaman,0,0,,,Freezing Trap,4.92,,,,1,1,Team 1,185.78,1
Hunter+Paladin_vs_Rogue+Shaman,5,,,1,Rogue+Shaman,0,0,,,Freezing Trap,4.92,,,,2,0,Team 1,84.64,1
Hunter+Paladin_vs_Rogue+Shaman,6,,,1,Rogue+Shaman,0,0,,,Freezing Trap,4.92,,,,2,0,Team 1,78.92,1
Hunter+Paladin_vs_Rogue+Shaman,7,,,1,Rogue+Shaman,0,0,,,Freezing Trap,4.92,,,,1,1,DRAW,293.87,0
Hunter+Paladin_vs_Rogue+Shaman,8,,,1,Rogue+Shaman,0,0,,,Freezing Trap,4.92,,,,1,1,DRAW,294.15,0
Hunter+Paladin_vs_Rogue+Shaman,9,,,1,Rogue+Shaman,0,0,,,Freezing Trap,4.92,,,,1,1,Team 1,125.01,1
Hunter+Paladin_vs_Rogue+Shaman,0,0,0,1,Rogue+Shaman,1,1,4.95,"(-5, -1)",Flare,4.97,,,,0,0,Team 1,40.18,1
Hunter+Paladin_vs_Rogue+Shaman,1,0,0,1,Rogue+Shaman,1,1,4.95,"(-5, -1)",Flare,4.97,,,,0,0,Team 1,48.88,1
Hunter+Paladin_vs_Rogue+Shaman,2,0,0,1,Rogue+Shaman,1,1,4.95,"(-5, -1)",Flare,4.97,,,,0,0,Team 1,37.28,1
Hunter+Paladin_vs_Rogue+Shaman,3,0,0,1,Rogue+Shaman,1,1,4.95,"(-5, -1)",Flare,4.97,,,,0,0,Team 1,42.75,1
Hunter+Paladin_vs_Rogue+Shaman,4,0,0,1,Rogue+Shaman,1,1,4.95,"(-5, -1)",Flare,4.97,,,,0,0,Team 1,45.8,1
Hunter+Paladin_vs_Rogue+Shaman,5,0,0,1,Rogue+Shaman,1,1,4.95,"(-5, -1)",Flare,4.97,,,,0,0,Team 1,41.72,1
Hunter+Paladin_vs_Rogue+Shaman,6,0,0,1,Rogue+Shaman,1,1,4.95,"(-5, -1)",Flare,4.97,,,,0,0,Team 1,35.02,1
Hunter+Paladin_vs_Rogue+Shaman,7,0,0,1,Rogue+Shaman,1,1,4.95,"(-5, -1)",Flare,4.97,,,,0,0,Team 1,48.52,1
Hunter+Paladin_vs_Rogue+Shaman,8,0,0,1,Rogue+Shaman,1,1,4.95,"(-5, -1)",Flare,4.97,,,,0,0,Team 1,40.18,1
Hunter+Paladin_vs_Rogue+Shaman,9,0,0,1,Rogue+Shaman,1,1,4.95,"(-5, -1)",Flare,4.97,,,,0,1,Team 1,51.18,1
Hunter+Paladin_vs_Rogue+Mage,0,,,1,Mage+Rogue,0,0,,,Freezing Trap,4.87,,,,1,0,Team 1,53.65,1
Hunter+Paladin_vs_Rogue+Mage,1,,,1,Mage+Rogue,0,0,,,Freezing Trap,4.87,,,,1,0,Team 1,64.22,1
Hunter+Paladin_vs_Rogue+Mage,2,,,1,Mage+Rogue,0,0,,,Freezing Trap,4.87,,,,1,0,Team 2,45.23,0
Hunter+Paladin_vs_Rogue+Mage,3,,,1,Mage+Rogue,0,0,,,Freezing Trap,4.87,,,,1,0,Team 1,55.78,1
Hunter+Paladin_vs_Rogue+Mage,4,,,1,Mage+Rogue,0,0,,,Freezing Trap,4.87,,,,1,0,Team 1,52.77,1
Hunter+Paladin_vs_Rogue+Mage,5,,,1,Mage+Rogue,0,0,,,Freezing Trap,4.87,,,,1,0,Team 1,52.7,1
Hunter+Paladin_vs_Rogue+Mage,6,,,1,Mage+Rogue,0,0,,,Freezing Trap,4.87,,,,1,0,Team 1,50.28,1
Hunter+Paladin_vs_Rogue+Mage,7,,,1,Mage+Rogue,0,0,,,Freezing Trap,4.87,,,,1,0,Team 1,50.1,1
Hunter+Paladin_vs_Rogue+Mage,8,,,1,Mage+Rogue,0,0,,,Freezing Trap,4.87,,,,1,0,Team 2,49.7,0
Hunter+Paladin_vs_Rogue+Mage,9,,,1,Mage+Rogue,0,0,,,Freezing Trap,4.87,,,,1,0,Team 2,54.48,0
Hunter+Paladin_vs_Rogue+Mage,0,0,0,1,Mage+Rogue,1,1,5.58,"(-2, -2)",Flare,5.6,,,,0,0,Team 1,43.07,1
Hunter+Paladin_vs_Rogue+Mage,1,0,0,1,Mage+Rogue,1,1,5.58,"(-2, -2)",Flare,5.6,,,,0,0,Team 1,32.65,1
Hunter+Paladin_vs_Rogue+Mage,2,0,0,1,Mage+Rogue,1,1,5.58,"(-2, -2)",Flare,5.6,,,,0,0,Team 1,55.48,1
Hunter+Paladin_vs_Rogue+Mage,3,0,0,1,Mage+Rogue,1,1,5.58,"(-2, -2)",Flare,5.6,,,,0,0,Team 1,30.82,1
Hunter+Paladin_vs_Rogue+Mage,4,0,0,1,Mage+Rogue,1,1,5.58,"(-2, -2)",Flare,5.6,,,,0,0,Team 1,30.82,1
Hunter+Paladin_vs_Rogue+Mage,5,0,0,1,Mage+Rogue,1,1,5.58,"(-2, -2)",Flare,5.6,,,,0,0,Team 1,29.18,1
Hunter+Paladin_vs_Rogue+Mage,6,0,0,1,Mage+Rogue,1,1,5.58,"(-2, -2)",Flare,5.6,,,,0,0,Team 1,30.42,1
Hunter+Paladin_vs_Rogue+Mage,7,0,0,1,Mage+Rogue,1,1,5.58,"(-2, -2)",Flare,5.6,,,,0,0,Team 1,30.48,1
Hunter+Paladin_vs_Rogue+Mage,8,0,0,1,Mage+Rogue,1,1,5.58,"(-2, -2)",Flare,5.6,,,,0,0,Team 1,30.82,1
Hunter+Paladin_vs_Rogue+Mage,9,0,0,1,Mage+Rogue,1,1,5.58,"(-2, -2)",Flare,5.6,,,,0,0,Team 1,58.98,1
Hunter+Paladin_vs_Rogue+Warrior,0,,,1,Rogue+Warrior,0,0,,,Freezing Trap,4.92,,,,1,0,Team 1,29.9,1
Hunter+Paladin_vs_Rogue+Warrior,1,,,1,Rogue+Warrior,0,0,,,Freezing Trap,4.92,,,,1,0,Team 1,22.95,1
Hunter+Paladin_vs_Rogue+Warrior,2,,,1,Rogue+Warrior,0,0,,,Freezing Trap,4.92,,,,1,0,Team 1,25.35,1
Hunter+Paladin_vs_Rogue+Warrior,3,,,1,Rogue+Warrior,0,0,,,Freezing Trap,4.92,,,,1,0,Team 1,29.25,1
Hunter+Paladin_vs_Rogue+Warrior,4,,,1,Rogue+Warrior,0,0,,,Freezing Trap,4.92,,,,1,0,Team 1,27.72,1
Hunter+Paladin_vs_Rogue+Warrior,5,,,1,Rogue+Warrior,0,0,,,Freezing Trap,4.92,,,,1,0,Team 1,33.28,1
Hunter+Paladin_vs_Rogue+Warrior,6,,,1,Rogue+Warrior,0,0,,,Freezing Trap,4.92,,,,1,0,Team 2,56.4,0
Hunter+Paladin_vs_Rogue+Warrior,7,,,1,Rogue+Warrior,0,0,,,Freezing Trap,4.92,,,,1,0,Team 1,27.77,1
Hunter+Paladin_vs_Rogue+Warrior,8,,,1,Rogue+Warrior,0,0,,,Freezing Trap,4.92,,,,1,0,Team 1,34.2,1
Hunter+Paladin_vs_Rogue+Warrior,9,,,1,Rogue+Warrior,0,0,,,Freezing Trap,4.92,,,,1,0,Team 1,33.28,1
Hunter+Paladin_vs_Rogue+Warrior,0,0,0,1,Rogue+Warrior,1,1,4.95,"(-5, -0)",Flare,4.97,,,,0,0,Team 1,22.85,1
Hunter+Paladin_vs_Rogue+Warrior,1,0,0,1,Rogue+Warrior,1,1,4.95,"(-5, -0)",Flare,4.97,,,,0,0,Team 1,26.18,1
Hunter+Paladin_vs_Rogue+Warrior,2,0,0,1,Rogue+Warrior,1,1,4.95,"(-5, -0)",Flare,4.97,,,,0,0,Team 1,23.15,1
Hunter+Paladin_vs_Rogue+Warrior,3,0,0,1,Rogue+Warrior,1,1,4.95,"(-5, -0)",Flare,4.97,,,,0,0,Team 1,23.15,1
Hunter+Paladin_vs_Rogue+Warrior,4,0,0,1,Rogue+Warrior,1,1,4.95,"(-5, -0)",Flare,4.97,,,,0,0,Team 1,22.85,1
Hunter+Paladin_vs_Rogue+Warrior,5,0,0,1,Rogue+Warrior,1,1,4.95,"(-5, -0)",Flare,4.97,,,,0,0,Team 1,23.15,1
Hunter+Paladin_vs_Rogue+Warrior,6,0,0,1,Rogue+Warrior,1,1,4.95,"(-5, -0)",Flare,4.97,,,,0,0,Team 1,21.5,1
Hunter+Paladin_vs_Rogue+Warrior,7,0,0,1,Rogue+Warrior,1,1,4.95,"(-5, -0)",Flare,4.97,,,,0,0,Team 1,23.15,1
Hunter+Paladin_vs_Rogue+Warrior,8,0,0,1,Rogue+Warrior,1,1,4.95,"(-5, -0)",Flare,4.97,,,,0,0,Team 1,23.15,1
Hunter+Paladin_vs_Rogue+Warrior,9,0,0,1,Rogue+Warrior,1,1,4.95,"(-5, -0)",Flare,4.97,,,,0,0,Team 1,23.15,1
Hunter+Shaman_vs_Rogue+Priest,0,,,1,Priest+Rogue,1,1,4.98,"(-5, -2)",Flare,5.0,,,,0,1,Team 1,63.53,1
Hunter+Shaman_vs_Rogue+Priest,1,,,1,Priest+Rogue,1,1,4.98,"(-5, -2)",Flare,5.0,,,,0,1,Team 2,53.22,0
Hunter+Shaman_vs_Rogue+Priest,2,,,1,Priest+Rogue,1,1,4.98,"(-5, -2)",Flare,5.0,,,,0,2,Team 2,81.44,0
Hunter+Shaman_vs_Rogue+Priest,3,,,1,Priest+Rogue,1,1,4.98,"(-5, -2)",Flare,5.0,,,,0,1,Team 1,81.82,1
Hunter+Shaman_vs_Rogue+Priest,4,,,1,Priest+Rogue,1,1,4.98,"(-5, -2)",Flare,5.0,,,,0,1,Team 1,64.92,1
Hunter+Shaman_vs_Rogue+Priest,5,,,1,Priest+Rogue,1,1,4.98,"(-5, -2)",Flare,5.0,,,,0,1,Team 2,47.48,0
Hunter+Shaman_vs_Rogue+Priest,6,,,1,Priest+Rogue,1,1,4.98,"(-5, -2)",Flare,5.0,,,,0,1,Team 1,62.02,1
Hunter+Shaman_vs_Rogue+Priest,7,,,1,Priest+Rogue,1,1,4.98,"(-5, -2)",Flare,5.0,,,,0,0,Team 1,55.53,1
Hunter+Shaman_vs_Rogue+Priest,8,,,1,Priest+Rogue,1,1,4.98,"(-5, -2)",Flare,5.0,,,,0,1,Team 2,67.1,0
Hunter+Shaman_vs_Rogue+Priest,9,,,1,Priest+Rogue,1,1,4.98,"(-5, -2)",Flare,5.0,,,,0,0,Team 2,63.4,0
Hunter+Shaman_vs_Rogue+Priest,0,0,0,1,Priest+Rogue,1,1,4.98,"(-5, -2)",Flare,5.0,,,,0,0,Team 1,25.35,1
Hunter+Shaman_vs_Rogue+Priest,1,0,0,1,Priest+Rogue,1,1,4.98,"(-5, -2)",Flare,5.0,,,,0,0,Team 1,25.35,1
Hunter+Shaman_vs_Rogue+Priest,2,0,0,1,Priest+Rogue,1,1,4.98,"(-5, -2)",Flare,5.0,,,,0,0,Team 1,25.35,1
Hunter+Shaman_vs_Rogue+Priest,3,0,0,1,Priest+Rogue,1,1,4.98,"(-5, -2)",Flare,5.0,,,,0,1,Team 1,28.32,1
Hunter+Shaman_vs_Rogue+Priest,4,0,0,1,Priest+Rogue,1,1,4.98,"(-5, -2)",Flare,5.0,,,,0,0,Team 1,24.58,1
Hunter+Shaman_vs_Rogue+Priest,5,0,0,1,Priest+Rogue,1,1,4.98,"(-5, -2)",Flare,5.0,,,,0,0,Team 1,35.98,1
Hunter+Shaman_vs_Rogue+Priest,6,0,0,1,Priest+Rogue,1,1,4.98,"(-5, -2)",Flare,5.0,,,,0,0,Team 1,25.35,1
Hunter+Shaman_vs_Rogue+Priest,7,0,0,1,Priest+Rogue,1,1,4.98,"(-5, -2)",Flare,5.0,,,,0,0,Team 1,35.32,1
Hunter+Shaman_vs_Rogue+Priest,8,0,0,1,Priest+Rogue,1,1,4.98,"(-5, -2)",Flare,5.0,,,,0,0,Team 1,34.57,1
Hunter+Shaman_vs_Rogue+Priest,9,0,0,1,Priest+Rogue,1,1,4.98,"(-5, -2)",Flare,5.0,,,,0,0,Team 1,35.32,1
Hunter+Shaman_vs_Rogue+Paladin,0,,,1,Paladin+Rogue,1,1,4.98,"(-5, -1)",Flare,5.0,,,,0,2,Team 2,60.55,0
Hunter+Shaman_vs_Rogue+Paladin,1,,,1,Paladin+Rogue,1,1,4.98,"(-5, -1)",Flare,5.0,,,,0,1,Team 2,63.75,0
Hunter+Shaman_vs_Rogue+Paladin,2,,,1,Paladin+Rogue,1,1,4.98,"(-5, -1)",Flare,5.0,,,,0,2,Team 2,59.08,0
Hunter+Shaman_vs_Rogue+Paladin,3,,,1,Paladin+Rogue,1,1,4.98,"(-5, -1)",Flare,5.0,,,,0,2,Team 2,77.19,0
Hunter+Shaman_vs_Rogue+Paladin,4,,,1,Paladin+Rogue,1,1,4.98,"(-5, -1)",Flare,5.0,,,,0,2,Team 2,76.0,0
Hunter+Shaman_vs_Rogue+Paladin,5,,,1,Paladin+Rogue,1,1,4.98,"(-5, -1)",Flare,5.0,,,,1,1,Team 2,75.27,0
Hunter+Shaman_vs_Rogue+Paladin,6,,,1,Paladin+Rogue,1,1,4.98,"(-5, -1)",Flare,5.0,,,,0,1,Team 2,65.99,0
Hunter+Shaman_vs_Rogue+Paladin,7,,,1,Paladin+Rogue,1,1,4.98,"(-5, -1)",Flare,5.0,,,,0,2,Team 2,78.0,0
Hunter+Shaman_vs_Rogue+Paladin,8,,,1,Paladin+Rogue,1,1,4.98,"(-5, -1)",Flare,5.0,,,,0,1,Team 1,93.26,1
Hunter+Shaman_vs_Rogue+Paladin,9,,,1,Paladin+Rogue,1,1,4.98,"(-5, -1)",Flare,5.0,,,,0,2,Team 2,57.55,0
Hunter+Shaman_vs_Rogue+Paladin,0,0,0,1,Paladin+Rogue,1,1,4.98,"(-5, -2)",Flare,5.0,,,,0,0,DRAW,298.72,0
Hunter+Shaman_vs_Rogue+Paladin,1,0,0,1,Paladin+Rogue,1,1,4.98,"(-5, -2)",Flare,5.0,,,,0,0,Team 2,139.44,0
Hunter+Shaman_vs_Rogue+Paladin,2,0,0,1,Paladin+Rogue,1,1,4.98,"(-5, -2)",Flare,5.0,,,,0,0,Team 2,191.23,0
Hunter+Shaman_vs_Rogue+Paladin,3,0,0,1,Paladin+Rogue,1,1,4.98,"(-5, -2)",Flare,5.0,,,,0,0,Team 2,206.91,0
Hunter+Shaman_vs_Rogue+Paladin,4,0,0,1,Paladin+Rogue,1,1,4.98,"(-5, -2)",Flare,5.0,,,,0,0,DRAW,294.5,0
Hunter+Shaman_vs_Rogue+Paladin,5,0,0,1,Paladin+Rogue,1,1,4.98,"(-5, -2)",Flare,5.0,,,,0,0,Team 2,240.0,0
Hunter+Shaman_vs_Rogue+Paladin,6,0,0,1,Paladin+Rogue,1,1,4.98,"(-5, -2)",Flare,5.0,,,,0,0,Team 2,276.17,0
Hunter+Shaman_vs_Rogue+Paladin,7,0,0,1,Paladin+Rogue,1,1,4.98,"(-5, -2)",Flare,5.0,,,,0,0,Team 2,248.58,0
Hunter+Shaman_vs_Rogue+Paladin,8,0,0,1,Paladin+Rogue,1,1,4.98,"(-5, -2)",Flare,5.0,,,,0,0,Team 2,291.54,0
Hunter+Shaman_vs_Rogue+Paladin,9,0,0,1,Paladin+Rogue,1,1,4.98,"(-5, -2)",Flare,5.0,,,,0,0,Team 2,178.76,0
Hunter+Shaman_vs_Rogue+Warlock,0,,,1,Rogue+Warlock,1,1,5.15,"(-6, -2)",Flare,5.17,,,,0,0,Team 1,30.28,1
Hunter+Shaman_vs_Rogue+Warlock,1,,,1,Rogue+Warlock,1,1,5.15,"(-6, -2)",Flare,5.17,,,,0,0,Team 1,23.47,1
Hunter+Shaman_vs_Rogue+Warlock,2,,,1,Rogue+Warlock,1,1,5.15,"(-6, -2)",Flare,5.17,,,,0,0,Team 1,23.38,1
Hunter+Shaman_vs_Rogue+Warlock,3,,,1,Rogue+Warlock,1,1,5.15,"(-6, -2)",Flare,5.17,,,,0,0,Team 1,25.25,1
Hunter+Shaman_vs_Rogue+Warlock,4,,,1,Rogue+Warlock,1,1,5.15,"(-6, -2)",Flare,5.17,,,,0,0,Team 1,21.07,1
Hunter+Shaman_vs_Rogue+Warlock,5,,,1,Rogue+Warlock,1,1,5.15,"(-6, -2)",Flare,5.17,,,,0,0,Team 1,29.32,1
Hunter+Shaman_vs_Rogue+Warlock,6,,,1,Rogue+Warlock,1,1,5.15,"(-6, -2)",Flare,5.17,,,,0,0,Team 1,25.42,1
Hunter+Shaman_vs_Rogue+Warlock,7,,,1,Rogue+Warlock,1,1,5.15,"(-6, -2)",Flare,5.17,,,,0,0,Team 1,24.67,1
Hunter+Shaman_vs_Rogue+Warlock,8,,,1,Rogue+Warlock,1,1,5.15,"(-6, -2)",Flare,5.17,,,,0,0,Team 1,23.73,1
Hunter+Shaman_vs_Rogue+Warlock,9,,,1,Rogue+Warlock,1,1,5.15,"(-6, -2)",Flare,5.17,,,,0,0,Team 1,31.37,1
Hunter+Shaman_vs_Rogue+Warlock,0,0,0,1,Rogue+Warlock,1,1,5.12,"(-5, -2)",Flare,5.13,,,,0,0,Team 1,18.8,1
Hunter+Shaman_vs_Rogue+Warlock,1,0,0,1,Rogue+Warlock,1,1,5.12,"(-5, -2)",Flare,5.13,,,,0,0,Team 1,31.65,1
Hunter+Shaman_vs_Rogue+Warlock,2,0,0,1,Rogue+Warlock,1,1,5.12,"(-5, -2)",Flare,5.13,,,,0,0,Team 1,20.15,1
Hunter+Shaman_vs_Rogue+Warlock,3,0,0,1,Rogue+Warlock,1,1,5.12,"(-5, -2)",Flare,5.13,,,,0,0,Team 1,20.6,1
Hunter+Shaman_vs_Rogue+Warlock,4,0,0,1,Rogue+Warlock,1,1,5.12,"(-5, -2)",Flare,5.13,,,,0,0,Team 1,20.93,1
Hunter+Shaman_vs_Rogue+Warlock,5,0,0,1,Rogue+Warlock,1,1,5.12,"(-5, -2)",Flare,5.13,,,,0,0,Team 1,20.93,1
Hunter+Shaman_vs_Rogue+Warlock,6,0,0,1,Rogue+Warlock,1,1,5.12,"(-5, -2)",Flare,5.13,,,,0,0,Team 1,18.18,1
Hunter+Shaman_vs_Rogue+Warlock,7,0,0,1,Rogue+Warlock,1,1,5.12,"(-5, -2)",Flare,5.13,,,,0,0,Team 1,16.73,1
Hunter+Shaman_vs_Rogue+Warlock,8,0,0,1,Rogue+Warlock,1,1,5.12,"(-5, -2)",Flare,5.13,,,,0,0,Team 1,20.93,1
Hunter+Shaman_vs_Rogue+Warlock,9,0,0,1,Rogue+Warlock,1,1,5.12,"(-5, -2)",Flare,5.13,,,,0,0,Team 1,20.93,1
Hunter+Shaman_vs_Rogue+Shaman,0,,,1,Rogue+Shaman,0,0,,,Freezing Trap,4.92,,,,1,0,Team 2,39.53,0
Hunter+Shaman_vs_Rogue+Shaman,1,,,1,Rogue+Shaman,0,0,,,Freezing Trap,4.92,,,,1,0,Team 2,68.62,0
Hunter+Shaman_vs_Rogue+Shaman,2,,,1,Rogue+Shaman,0,0,,,Freezing Trap,4.92,,,,1,0,Team 2,41.05,0
Hunter+Shaman_vs_Rogue+Shaman,3,,,1,Rogue+Shaman,0,0,,,Freezing Trap,4.92,,,,1,0,Team 1,90.01,1
Hunter+Shaman_vs_Rogue+Shaman,4,,,1,Rogue+Shaman,0,0,,,Freezing Trap,4.92,,,,1,0,Team 2,39.73,0
Hunter+Shaman_vs_Rogue+Shaman,5,,,1,Rogue+Shaman,0,0,,,Freezing Trap,4.92,,,,1,1,Team 2,55.88,0
Hunter+Shaman_vs_Rogue+Shaman,6,,,1,Rogue+Shaman,0,0,,,Freezing Trap,4.92,,,,1,0,Team 2,49.18,0
Hunter+Shaman_vs_Rogue+Shaman,7,,,1,Rogue+Shaman,0,0,,,Freezing Trap,4.92,,,,1,0,Team 2,41.05,0
Hunter+Shaman_vs_Rogue+Shaman,8,,,1,Rogue+Shaman,0,0,,,Freezing Trap,4.92,,,,1,1,Team 2,55.35,0
Hunter+Shaman_vs_Rogue+Shaman,9,,,1,Rogue+Shaman,0,0,,,Freezing Trap,4.92,,,,1,1,Team 2,58.92,0
Hunter+Shaman_vs_Rogue+Shaman,0,0,0,1,Rogue+Shaman,1,1,4.98,"(-5, -2)",Flare,5.0,,,,0,1,Team 1,42.48,1
Hunter+Shaman_vs_Rogue+Shaman,1,0,0,1,Rogue+Shaman,1,1,4.98,"(-5, -2)",Flare,5.0,,,,0,1,Team 1,44.9,1
Hunter+Shaman_vs_Rogue+Shaman,2,0,0,1,Rogue+Shaman,1,1,4.98,"(-5, -2)",Flare,5.0,,,,0,0,Team 1,30.65,1
Hunter+Shaman_vs_Rogue+Shaman,3,0,0,1,Rogue+Shaman,1,1,4.98,"(-5, -2)",Flare,5.0,,,,0,1,Team 1,40.07,1
Hunter+Shaman_vs_Rogue+Shaman,4,0,0,1,Rogue+Shaman,1,1,4.98,"(-5, -2)",Flare,5.0,,,,0,1,Team 1,41.48,1
Hunter+Shaman_vs_Rogue+Shaman,5,0,0,1,Rogue+Shaman,1,1,4.98,"(-5, -2)",Flare,5.0,,,,0,1,Team 1,44.9,1
Hunter+Shaman_vs_Rogue+Shaman,6,0,0,1,Rogue+Shaman,1,1,4.98,"(-5, -2)",Flare,5.0,,,,0,1,Team 1,41.48,1
Hunter+Shaman_vs_Rogue+Shaman,7,0,0,1,Rogue+Shaman,1,1,4.98,"(-5, -2)",Flare,5.0,,,,0,1,Team 1,30.2,1
Hunter+Shaman_vs_Rogue+Shaman,8,0,0,1,Rogue+Shaman,1,1,4.98,"(-5, -2)",Flare,5.0,,,,0,1,Team 1,41.5,1
Hunter+Shaman_vs_Rogue+Shaman,9,0,0,1,Rogue+Shaman,1,1,4.98,"(-5, -2)",Flare,5.0,,,,0,0,Team 1,26.62,1
Hunter+Shaman_vs_Rogue+Mage,0,,,1,Mage+Rogue,0,0,,,Freezing Trap,4.87,,,,1,0,Team 1,26.67,1
Hunter+Shaman_vs_Rogue+Mage,1,,,1,Mage+Rogue,0,0,,,Freezing Trap,4.87,,,,1,0,Team 1,24.42,1
Hunter+Shaman_vs_Rogue+Mage,2,,,1,Mage+Rogue,0,0,,,Freezing Trap,4.87,,,,1,0,Team 1,24.65,1
Hunter+Shaman_vs_Rogue+Mage,3,,,1,Mage+Rogue,0,0,,,Freezing Trap,4.87,,,,1,0,Team 2,26.95,0
Hunter+Shaman_vs_Rogue+Mage,4,,,1,Mage+Rogue,0,0,,,Freezing Trap,4.87,,,,1,0,Team 1,23.9,1
Hunter+Shaman_vs_Rogue+Mage,5,,,1,Mage+Rogue,0,0,,,Freezing Trap,4.87,,,,1,0,Team 1,24.65,1
Hunter+Shaman_vs_Rogue+Mage,6,,,1,Mage+Rogue,0,0,,,Freezing Trap,4.87,,,,1,0,Team 2,20.98,0
Hunter+Shaman_vs_Rogue+Mage,7,,,1,Mage+Rogue,0,0,,,Freezing Trap,4.87,,,,1,0,Team 1,26.67,1
Hunter+Shaman_vs_Rogue+Mage,8,,,1,Mage+Rogue,0,0,,,Freezing Trap,4.87,,,,1,0,Team 1,23.33,1
Hunter+Shaman_vs_Rogue+Mage,9,,,1,Mage+Rogue,0,0,,,Freezing Trap,4.87,,,,1,0,Team 1,26.67,1
Hunter+Shaman_vs_Rogue+Mage,0,0,0,1,Mage+Rogue,1,1,5.58,"(-2, -2)",Flare,5.6,,,,0,0,Team 1,30.27,1
Hunter+Shaman_vs_Rogue+Mage,1,0,0,1,Mage+Rogue,1,1,5.58,"(-2, -2)",Flare,5.6,,,,0,0,Team 2,22.8,0
Hunter+Shaman_vs_Rogue+Mage,2,0,0,1,Mage+Rogue,1,1,5.58,"(-2, -2)",Flare,5.6,,,,0,0,Team 1,30.27,1
Hunter+Shaman_vs_Rogue+Mage,3,0,0,1,Mage+Rogue,1,1,5.58,"(-2, -2)",Flare,5.6,,,,0,0,Team 1,30.27,1
Hunter+Shaman_vs_Rogue+Mage,4,0,0,1,Mage+Rogue,1,1,5.58,"(-2, -2)",Flare,5.6,,,,0,0,Team 1,30.25,1
Hunter+Shaman_vs_Rogue+Mage,5,0,0,1,Mage+Rogue,1,1,5.58,"(-2, -2)",Flare,5.6,,,,0,0,Team 1,30.27,1
Hunter+Shaman_vs_Rogue+Mage,6,0,0,1,Mage+Rogue,1,1,5.58,"(-2, -2)",Flare,5.6,,,,0,0,Team 2,33.62,0
Hunter+Shaman_vs_Rogue+Mage,7,0,0,1,Mage+Rogue,1,1,5.58,"(-2, -2)",Flare,5.6,,,,0,0,Team 1,31.78,1
Hunter+Shaman_vs_Rogue+Mage,8,0,0,1,Mage+Rogue,1,1,5.58,"(-2, -2)",Flare,5.6,,,,0,0,Team 1,30.27,1
Hunter+Shaman_vs_Rogue+Mage,9,0,0,1,Mage+Rogue,1,1,5.58,"(-2, -2)",Flare,5.6,,,,0,0,Team 1,30.27,1
Hunter+Shaman_vs_Rogue+Warrior,0,,,1,Rogue+Warrior,0,0,,,Freezing Trap,4.92,,,,1,0,Team 1,17.98,1
Hunter+Shaman_vs_Rogue+Warrior,1,,,1,Rogue+Warrior,0,0,,,Freezing Trap,4.92,,,,1,0,Team 1,15.6,1
Hunter+Shaman_vs_Rogue+Warrior,2,,,1,Rogue+Warrior,0,0,,,Freezing Trap,4.92,,,,1,0,Team 1,16.07,1
Hunter+Shaman_vs_Rogue+Warrior,3,,,1,Rogue+Warrior,0,0,,,Freezing Trap,4.92,,,,1,0,Team 1,19.3,1
Hunter+Shaman_vs_Rogue+Warrior,4,,,1,Rogue+Warrior,0,0,,,Freezing Trap,4.92,,,,1,0,Team 1,15.28,1
Hunter+Shaman_vs_Rogue+Warrior,5,,,1,Rogue+Warrior,0,0,,,Freezing Trap,4.92,,,,1,0,Team 1,19.28,1
Hunter+Shaman_vs_Rogue+Warrior,6,,,1,Rogue+Warrior,0,0,,,Freezing Trap,4.92,,,,1,0,Team 1,19.28,1
Hunter+Shaman_vs_Rogue+Warrior,7,,,1,Rogue+Warrior,0,0,,,Freezing Trap,4.92,,,,1,0,Team 1,19.3,1
Hunter+Shaman_vs_Rogue+Warrior,8,,,1,Rogue+Warrior,0,0,,,Freezing Trap,4.92,,,,1,0,Team 1,19.28,1
Hunter+Shaman_vs_Rogue+Warrior,9,,,1,Rogue+Warrior,0,0,,,Freezing Trap,4.92,,,,1,0,Team 1,19.28,1
Hunter+Shaman_vs_Rogue+Warrior,0,0,0,1,Rogue+Warrior,1,1,5.83,"(-10, -1)",Flare,5.85,,,,0,0,Team 1,16.7,1
Hunter+Shaman_vs_Rogue+Warrior,1,0,0,1,Rogue+Warrior,1,1,5.83,"(-10, -1)",Flare,5.85,,,,0,0,Team 1,15.53,1
Hunter+Shaman_vs_Rogue+Warrior,2,0,0,1,Rogue+Warrior,1,1,5.83,"(-10, -1)",Flare,5.85,,,,0,0,Team 1,16.7,1
Hunter+Shaman_vs_Rogue+Warrior,3,0,0,1,Rogue+Warrior,1,1,5.83,"(-10, -1)",Flare,5.85,,,,0,0,Team 1,16.7,1
Hunter+Shaman_vs_Rogue+Warrior,4,0,0,1,Rogue+Warrior,1,1,5.83,"(-10, -1)",Flare,5.85,,,,0,0,Team 1,16.7,1
Hunter+Shaman_vs_Rogue+Warrior,5,0,0,1,Rogue+Warrior,1,1,5.83,"(-10, -1)",Flare,5.85,,,,0,0,Team 1,17.25,1
Hunter+Shaman_vs_Rogue+Warrior,6,0,0,1,Rogue+Warrior,1,1,5.83,"(-10, -1)",Flare,5.85,,,,0,0,Team 1,13.48,1
Hunter+Shaman_vs_Rogue+Warrior,7,0,0,1,Rogue+Warrior,1,1,5.83,"(-10, -1)",Flare,5.85,,,,0,0,Team 1,13.48,1
Hunter+Shaman_vs_Rogue+Warrior,8,0,0,1,Rogue+Warrior,1,1,5.83,"(-10, -1)",Flare,5.85,,,,0,0,Team 1,16.7,1
Hunter+Shaman_vs_Rogue+Warrior,9,0,0,1,Rogue+Warrior,1,1,5.83,"(-10, -1)",Flare,5.85,,,,0,0,Team 1,16.7,1
Hunter+Warrior_vs_Rogue+Priest,0,,,1,Priest+Rogue,1,1,4.95,"(-4, -0)",Flare,4.97,,,,0,0,Team 1,32.15,1
Hunter+Warrior_vs_Rogue+Priest,1,,,1,Priest+Rogue,1,1,4.95,"(-4, -0)",Flare,4.97,,,,0,0,Team 2,29.35,0
Hunter+Warrior_vs_Rogue+Priest,2,,,1,Priest+Rogue,1,1,4.95,"(-4, -0)",Flare,4.97,,,,0,0,Team 2,30.42,0
Hunter+Warrior_vs_Rogue+Priest,3,,,1,Priest+Rogue,1,1,4.95,"(-4, -0)",Flare,4.97,,,,0,0,Team 2,31.25,0
Hunter+Warrior_vs_Rogue+Priest,4,,,1,Priest+Rogue,1,1,4.95,"(-4, -0)",Flare,4.97,,,,0,0,Team 2,31.43,0
Hunter+Warrior_vs_Rogue+Priest,5,,,1,Priest+Rogue,1,1,4.95,"(-4, -0)",Flare,4.97,,,,0,0,Team 2,29.43,0
Hunter+Warrior_vs_Rogue+Priest,6,,,1,Priest+Rogue,1,1,4.95,"(-4, -0)",Flare,4.97,,,,0,0,Team 2,27.9,0
Hunter+Warrior_vs_Rogue+Priest,7,,,1,Priest+Rogue,1,1,4.95,"(-4, -0)",Flare,4.97,,,,0,0,Team 1,24.27,1
Hunter+Warrior_vs_Rogue+Priest,8,,,1,Priest+Rogue,1,1,4.95,"(-4, -0)",Flare,4.97,,,,0,0,Team 2,30.47,0
Hunter+Warrior_vs_Rogue+Priest,9,,,1,Priest+Rogue,1,1,4.95,"(-4, -0)",Flare,4.97,,,,0,0,Team 1,28.47,1
Hunter+Warrior_vs_Rogue+Priest,0,0,0,1,Priest+Rogue,1,1,4.95,"(-4, -1)",Flare,4.97,,,,0,1,Team 2,33.47,0
Hunter+Warrior_vs_Rogue+Priest,1,0,0,1,Priest+Rogue,1,1,4.95,"(-4, -1)",Flare,4.97,,,,0,1,Team 1,41.87,1
Hunter+Warrior_vs_Rogue+Priest,2,0,0,1,Priest+Rogue,1,1,4.95,"(-4, -1)",Flare,4.97,,,,0,1,Team 2,36.83,0
Hunter+Warrior_vs_Rogue+Priest,3,0,0,1,Priest+Rogue,1,1,4.95,"(-4, -1)",Flare,4.97,,,,0,1,Team 2,35.17,0
Hunter+Warrior_vs_Rogue+Priest,4,0,0,1,Priest+Rogue,1,1,4.95,"(-4, -1)",Flare,4.97,,,,0,1,Team 1,47.55,1
Hunter+Warrior_vs_Rogue+Priest,5,0,0,1,Priest+Rogue,1,1,4.95,"(-4, -1)",Flare,4.97,,,,0,1,Team 1,34.97,1
Hunter+Warrior_vs_Rogue+Priest,6,0,0,1,Priest+Rogue,1,1,4.95,"(-4, -1)",Flare,4.97,,,,0,1,Team 2,36.95,0
Hunter+Warrior_vs_Rogue+Priest,7,0,0,1,Priest+Rogue,1,1,4.95,"(-4, -1)",Flare,4.97,,,,0,1,Team 1,50.57,1
Hunter+Warrior_vs_Rogue+Priest,8,0,0,1,Priest+Rogue,1,1,4.95,"(-4, -1)",Flare,4.97,,,,0,1,Team 1,40.97,1
Hunter+Warrior_vs_Rogue+Priest,9,0,0,1,Priest+Rogue,1,1,4.95,"(-4, -1)",Flare,4.97,,,,0,1,Team 1,37.9,1
Hunter+Warrior_vs_Rogue+Paladin,0,,,1,Paladin+Rogue,1,1,4.95,"(-4, 0)",Flare,4.97,,,,0,0,Team 2,34.0,0
Hunter+Warrior_vs_Rogue+Paladin,1,,,1,Paladin+Rogue,1,1,4.95,"(-4, 0)",Flare,4.97,,,,0,0,Team 2,31.42,0
Hunter+Warrior_vs_Rogue+Paladin,2,,,1,Paladin+Rogue,1,1,4.95,"(-4, 0)",Flare,4.97,,,,0,0,Team 2,29.95,0
Hunter+Warrior_vs_Rogue+Paladin,3,,,1,Paladin+Rogue,1,1,4.95,"(-4, 0)",Flare,4.97,,,,0,0,Team 2,33.1,0
Hunter+Warrior_vs_Rogue+Paladin,4,,,1,Paladin+Rogue,1,1,4.95,"(-4, 0)",Flare,4.97,,,,0,0,Team 2,33.42,0
Hunter+Warrior_vs_Rogue+Paladin,5,,,1,Paladin+Rogue,1,1,4.95,"(-4, 0)",Flare,4.97,,,,0,0,Team 2,30.43,0
Hunter+Warrior_vs_Rogue+Paladin,6,,,1,Paladin+Rogue,1,1,4.95,"(-4, 0)",Flare,4.97,,,,0,0,Team 2,32.15,0
Hunter+Warrior_vs_Rogue+Paladin,7,,,1,Paladin+Rogue,1,1,4.95,"(-4, 0)",Flare,4.97,,,,0,0,Team 2,31.42,0
Hunter+Warrior_vs_Rogue+Paladin,8,,,1,Paladin+Rogue,1,1,4.95,"(-4, 0)",Flare,4.97,,,,0,0,Team 2,33.42,0
Hunter+Warrior_vs_Rogue+Paladin,9,,,1,Paladin+Rogue,1,1,4.95,"(-4, 0)",Flare,4.97,,,,0,0,Team 2,31.42,0
Hunter+Warrior_vs_Rogue+Paladin,0,0,0,1,Paladin+Rogue,1,1,4.95,"(-4, -0)",Flare,4.97,,,,0,0,Team 2,67.75,0
Hunter+Warrior_vs_Rogue+Paladin,1,0,0,1,Paladin+Rogue,1,1,4.95,"(-4, -0)",Flare,4.97,,,,0,0,Team 1,52.68,1
Hunter+Warrior_vs_Rogue+Paladin,2,0,0,1,Paladin+Rogue,1,1,4.95,"(-4, -0)",Flare,4.97,,,,0,0,Team 1,52.72,1
Hunter+Warrior_vs_Rogue+Paladin,3,0,0,1,Paladin+Rogue,1,1,4.95,"(-4, -0)",Flare,4.97,,,,0,0,Team 1,52.72,1
Hunter+Warrior_vs_Rogue+Paladin,4,0,0,1,Paladin+Rogue,1,1,4.95,"(-4, -0)",Flare,4.97,,,,0,0,Team 1,48.08,1
Hunter+Warrior_vs_Rogue+Paladin,5,0,0,1,Paladin+Rogue,1,1,4.95,"(-4, -0)",Flare,4.97,,,,0,0,Team 1,48.5,1
Hunter+Warrior_vs_Rogue+Paladin,6,0,0,1,Paladin+Rogue,1,1,4.95,"(-4, -0)",Flare,4.97,,,,0,0,Team 2,32.82,0
Hunter+Warrior_vs_Rogue+Paladin,7,0,0,1,Paladin+Rogue,1,1,4.95,"(-4, -0)",Flare,4.97,,,,0,0,Team 1,45.75,1
Hunter+Warrior_vs_Rogue+Paladin,8,0,0,1,Paladin+Rogue,1,1,4.95,"(-4, -0)",Flare,4.97,,,,0,0,Team 1,47.65,1
Hunter+Warrior_vs_Rogue+Paladin,9,0,0,1,Paladin+Rogue,1,1,4.95,"(-4, -0)",Flare,4.97,,,,0,0,Team 1,47.22,1
Hunter+Warrior_vs_Rogue+Warlock,0,,,1,Rogue+Warlock,1,1,5.13,"(-0, 0)",Flare,5.15,,,,0,0,Team 1,21.68,1
Hunter+Warrior_vs_Rogue+Warlock,1,,,1,Rogue+Warlock,1,1,5.13,"(-0, 0)",Flare,5.15,,,,0,0,Team 1,24.35,1
Hunter+Warrior_vs_Rogue+Warlock,2,,,1,Rogue+Warlock,1,1,5.13,"(-0, 0)",Flare,5.15,,,,0,0,Team 1,22.6,1
Hunter+Warrior_vs_Rogue+Warlock,3,,,1,Rogue+Warlock,1,1,5.13,"(-0, 0)",Flare,5.15,,,,0,0,Team 2,26.3,0
Hunter+Warrior_vs_Rogue+Warlock,4,,,1,Rogue+Warlock,1,1,5.13,"(-0, 0)",Flare,5.15,,,,0,0,Team 2,25.15,0
Hunter+Warrior_vs_Rogue+Warlock,5,,,1,Rogue+Warlock,1,1,5.13,"(-0, 0)",Flare,5.15,,,,0,0,Team 2,25.15,0
Hunter+Warrior_vs_Rogue+Warlock,6,,,1,Rogue+Warlock,1,1,5.13,"(-0, 0)",Flare,5.15,,,,0,0,Team 1,24.3,1
Hunter+Warrior_vs_Rogue+Warlock,7,,,1,Rogue+Warlock,1,1,5.13,"(-0, 0)",Flare,5.15,,,,0,0,Team 1,21.68,1
Hunter+Warrior_vs_Rogue+Warlock,8,,,1,Rogue+Warlock,1,1,5.13,"(-0, 0)",Flare,5.15,,,,0,0,Team 1,24.48,1
Hunter+Warrior_vs_Rogue+Warlock,9,,,1,Rogue+Warlock,1,1,5.13,"(-0, 0)",Flare,5.15,,,,0,0,Team 2,25.15,0
Hunter+Warrior_vs_Rogue+Warlock,0,0,0,1,Rogue+Warlock,1,1,5.12,"(-1, -0)",Flare,5.13,,,,0,0,Team 1,26.37,1
Hunter+Warrior_vs_Rogue+Warlock,1,0,0,1,Rogue+Warlock,1,1,5.12,"(-1, -0)",Flare,5.13,,,,0,0,Team 1,26.77,1
Hunter+Warrior_vs_Rogue+Warlock,2,0,0,1,Rogue+Warlock,1,1,5.12,"(-1, -0)",Flare,5.13,,,,0,0,Team 1,27.95,1
Hunter+Warrior_vs_Rogue+Warlock,3,0,0,1,Rogue+Warlock,1,1,5.12,"(-1, -0)",Flare,5.13,,,,0,0,Team 1,33.12,1
Hunter+Warrior_vs_Rogue+Warlock,4,0,0,1,Rogue+Warlock,1,1,5.12,"(-1, -0)",Flare,5.13,,,,0,0,Team 1,31.05,1
Hunter+Warrior_vs_Rogue+Warlock,5,0,0,1,Rogue+Warlock,1,1,5.12,"(-1, -0)",Flare,5.13,,,,0,0,Team 1,30.42,1
Hunter+Warrior_vs_Rogue+Warlock,6,0,0,1,Rogue+Warlock,1,1,5.12,"(-1, -0)",Flare,5.13,,,,0,0,Team 1,27.48,1
Hunter+Warrior_vs_Rogue+Warlock,7,0,0,1,Rogue+Warlock,1,1,5.12,"(-1, -0)",Flare,5.13,,,,0,0,Team 1,18.1,1
Hunter+Warrior_vs_Rogue+Warlock,8,0,0,1,Rogue+Warlock,1,1,5.12,"(-1, -0)",Flare,5.13,,,,0,0,Team 1,27.35,1
Hunter+Warrior_vs_Rogue+Warlock,9,0,0,1,Rogue+Warlock,1,1,5.12,"(-1, -0)",Flare,5.13,,,,0,0,Team 1,26.6,1
Hunter+Warrior_vs_Rogue+Shaman,0,,,1,Rogue+Shaman,0,0,,,Freezing Trap,4.92,,,,1,0,Team 1,28.33,1
Hunter+Warrior_vs_Rogue+Shaman,1,,,1,Rogue+Shaman,0,0,,,Freezing Trap,4.92,,,,1,0,Team 1,29.13,1
Hunter+Warrior_vs_Rogue+Shaman,2,,,1,Rogue+Shaman,0,0,,,Freezing Trap,4.92,,,,1,0,Team 1,31.53,1
Hunter+Warrior_vs_Rogue+Shaman,3,,,1,Rogue+Shaman,0,0,,,Freezing Trap,4.92,,,,1,0,Team 1,33.95,1
Hunter+Warrior_vs_Rogue+Shaman,4,,,1,Rogue+Shaman,0,0,,,Freezing Trap,4.92,,,,1,0,Team 1,31.53,1
Hunter+Warrior_vs_Rogue+Shaman,5,,,1,Rogue+Shaman,0,0,,,Freezing Trap,4.92,,,,1,0,Team 1,31.53,1
Hunter+Warrior_vs_Rogue+Shaman,6,,,1,Rogue+Shaman,0,0,,,Freezing Trap,4.92,,,,1,0,Team 1,27.23,1
Hunter+Warrior_vs_Rogue+Shaman,7,,,1,Rogue+Shaman,0,0,,,Freezing Trap,4.92,,,,1,0,Team 1,21.0,1
Hunter+Warrior_vs_Rogue+Shaman,8,,,1,Rogue+Shaman,0,0,,,Freezing Trap,4.92,,,,1,0,Team 1,29.13,1
Hunter+Warrior_vs_Rogue+Shaman,9,,,1,Rogue+Shaman,0,0,,,Freezing Trap,4.92,,,,1,0,Team 1,31.53,1
Hunter+Warrior_vs_Rogue+Shaman,0,0,0,1,Rogue+Shaman,1,1,4.95,"(-4, -1)",Flare,4.97,,,,0,1,Team 2,38.23,0
Hunter+Warrior_vs_Rogue+Shaman,1,0,0,1,Rogue+Shaman,1,1,4.95,"(-4, -1)",Flare,4.97,,,,0,1,Team 2,33.75,0
Hunter+Warrior_vs_Rogue+Shaman,2,0,0,1,Rogue+Shaman,1,1,4.95,"(-4, -1)",Flare,4.97,,,,0,1,Team 2,38.58,0
Hunter+Warrior_vs_Rogue+Shaman,3,0,0,1,Rogue+Shaman,1,1,4.95,"(-4, -1)",Flare,4.97,,,,0,1,Team 2,33.03,0
Hunter+Warrior_vs_Rogue+Shaman,4,0,0,1,Rogue+Shaman,1,1,4.95,"(-4, -1)",Flare,4.97,,,,0,0,Team 1,25.93,1
Hunter+Warrior_vs_Rogue+Shaman,5,0,0,1,Rogue+Shaman,1,1,4.95,"(-4, -1)",Flare,4.97,,,,0,1,Team 2,43.93,0
Hunter+Warrior_vs_Rogue+Shaman,6,0,0,1,Rogue+Shaman,1,1,4.95,"(-4, -1)",Flare,4.97,,,,0,1,Team 1,30.57,1
Hunter+Warrior_vs_Rogue+Shaman,7,0,0,1,Rogue+Shaman,1,1,4.95,"(-4, -1)",Flare,4.97,,,,0,1,Team 1,31.37,1
Hunter+Warrior_vs_Rogue+Shaman,8,0,0,1,Rogue+Shaman,1,1,4.95,"(-4, -1)",Flare,4.97,,,,0,1,Team 2,34.27,0
Hunter+Warrior_vs_Rogue+Shaman,9,0,0,1,Rogue+Shaman,1,1,4.95,"(-4, -1)",Flare,4.97,,,,0,1,Team 2,33.12,0
Hunter+Warrior_vs_Rogue+Mage,0,,,1,Mage+Rogue,0,0,,,Freezing Trap,4.87,,,,1,0,Team 1,27.78,1
Hunter+Warrior_vs_Rogue+Mage,1,,,1,Mage+Rogue,0,0,,,Freezing Trap,4.87,,,,1,0,Team 2,28.42,0
Hunter+Warrior_vs_Rogue+Mage,2,,,1,Mage+Rogue,0,0,,,Freezing Trap,4.87,,,,1,0,Team 1,29.6,1
Hunter+Warrior_vs_Rogue+Mage,3,,,1,Mage+Rogue,0,0,,,Freezing Trap,4.87,,,,1,0,Team 1,29.82,1
Hunter+Warrior_vs_Rogue+Mage,4,,,1,Mage+Rogue,0,0,,,Freezing Trap,4.87,,,,1,0,Team 1,27.92,1
Hunter+Warrior_vs_Rogue+Mage,5,,,1,Mage+Rogue,0,0,,,Freezing Trap,4.87,,,,1,0,Team 1,29.6,1
Hunter+Warrior_vs_Rogue+Mage,6,,,1,Mage+Rogue,0,0,,,Freezing Trap,4.87,,,,1,0,Team 1,30.22,1
Hunter+Warrior_vs_Rogue+Mage,7,,,1,Mage+Rogue,0,0,,,Freezing Trap,4.87,,,,1,0,Team 1,27.83,1
Hunter+Warrior_vs_Rogue+Mage,8,,,1,Mage+Rogue,0,0,,,Freezing Trap,4.87,,,,1,0,Team 1,27.92,1
Hunter+Warrior_vs_Rogue+Mage,9,,,1,Mage+Rogue,0,0,,,Freezing Trap,4.87,,,,1,0,Team 1,27.92,1
Hunter+Warrior_vs_Rogue+Mage,0,0,0,1,Mage+Rogue,1,1,5.58,"(-1, -0)",Flare,5.6,,,,0,0,Team 2,28.55,0
Hunter+Warrior_vs_Rogue+Mage,1,0,0,1,Mage+Rogue,1,1,5.58,"(-1, -0)",Flare,5.6,,,,0,0,Team 2,32.18,0
Hunter+Warrior_vs_Rogue+Mage,2,0,0,1,Mage+Rogue,1,1,5.58,"(-1, -0)",Flare,5.6,,,,0,0,Team 1,28.93,1
Hunter+Warrior_vs_Rogue+Mage,3,0,0,1,Mage+Rogue,1,1,5.58,"(-1, -0)",Flare,5.6,,,,0,0,Team 2,28.63,0
Hunter+Warrior_vs_Rogue+Mage,4,0,0,1,Mage+Rogue,1,1,5.58,"(-1, -0)",Flare,5.6,,,,0,0,Team 1,32.73,1
Hunter+Warrior_vs_Rogue+Mage,5,0,0,1,Mage+Rogue,1,1,5.58,"(-1, -0)",Flare,5.6,,,,0,0,Team 2,28.6,0
Hunter+Warrior_vs_Rogue+Mage,6,0,0,1,Mage+Rogue,1,1,5.58,"(-1, -0)",Flare,5.6,,,,0,0,Team 2,33.7,0
Hunter+Warrior_vs_Rogue+Mage,7,0,0,1,Mage+Rogue,1,1,5.58,"(-1, -0)",Flare,5.6,,,,0,0,Team 1,31.17,1
Hunter+Warrior_vs_Rogue+Mage,8,0,0,1,Mage+Rogue,1,1,5.58,"(-1, -0)",Flare,5.6,,,,0,0,Team 2,32.18,0
Hunter+Warrior_vs_Rogue+Mage,9,0,0,1,Mage+Rogue,1,1,5.58,"(-1, -0)",Flare,5.6,,,,0,0,Team 2,28.5,0
Hunter+Warrior_vs_Rogue+Warrior,0,,,1,Rogue+Warrior,1,1,4.95,"(3, 0)",Flare,4.97,,,,0,1,Team 1,24.8,1
Hunter+Warrior_vs_Rogue+Warrior,1,,,1,Rogue+Warrior,1,1,4.95,"(3, 0)",Flare,4.97,,,,0,1,Team 1,28.78,1
Hunter+Warrior_vs_Rogue+Warrior,2,,,1,Rogue+Warrior,1,1,4.95,"(3, 0)",Flare,4.97,,,,0,1,Team 1,24.8,1
Hunter+Warrior_vs_Rogue+Warrior,3,,,1,Rogue+Warrior,1,1,4.95,"(3, 0)",Flare,4.97,,,,0,1,Team 1,22.97,1
Hunter+Warrior_vs_Rogue+Warrior,4,,,1,Rogue+Warrior,1,1,4.95,"(3, 0)",Flare,4.97,,,,0,1,Team 1,28.72,1
Hunter+Warrior_vs_Rogue+Warrior,5,,,1,Rogue+Warrior,1,1,4.95,"(3, 0)",Flare,4.97,,,,0,1,Team 1,24.8,1
Hunter+Warrior_vs_Rogue+Warrior,6,,,1,Rogue+Warrior,1,1,4.95,"(3, 0)",Flare,4.97,,,,0,1,Team 1,21.92,1
Hunter+Warrior_vs_Rogue+Warrior,7,,,1,Rogue+Warrior,1,1,4.95,"(3, 0)",Flare,4.97,,,,0,1,Team 1,24.78,1
Hunter+Warrior_vs_Rogue+Warrior,8,,,1,Rogue+Warrior,1,1,4.95,"(3, 0)",Flare,4.97,,,,0,1,Team 1,28.72,1
Hunter+Warrior_vs_Rogue+Warrior,9,,,1,Rogue+Warrior,1,1,4.95,"(3, 0)",Flare,4.97,,,,0,1,Team 1,24.8,1
Hunter+Warrior_vs_Rogue+Warrior,0,0,0,1,Rogue+Warrior,1,1,4.95,"(3, -1)",Flare,4.97,,,,0,0,Team 1,24.25,1
Hunter+Warrior_vs_Rogue+Warrior,1,0,0,1,Rogue+Warrior,1,1,4.95,"(3, -1)",Flare,4.97,,,,0,0,Team 1,27.38,1
Hunter+Warrior_vs_Rogue+Warrior,2,0,0,1,Rogue+Warrior,1,1,4.95,"(3, -1)",Flare,4.97,,,,0,0,Team 1,24.5,1
Hunter+Warrior_vs_Rogue+Warrior,3,0,0,1,Rogue+Warrior,1,1,4.95,"(3, -1)",Flare,4.97,,,,0,0,Team 1,27.02,1
Hunter+Warrior_vs_Rogue+Warrior,4,0,0,1,Rogue+Warrior,1,1,4.95,"(3, -1)",Flare,4.97,,,,0,0,Team 1,24.25,1
Hunter+Warrior_vs_Rogue+Warrior,5,0,0,1,Rogue+Warrior,1,1,4.95,"(3, -1)",Flare,4.97,,,,0,0,Team 1,30.5,1
Hunter+Warrior_vs_Rogue+Warrior,6,0,0,1,Rogue+Warrior,1,1,4.95,"(3, -1)",Flare,4.97,,,,0,0,Team 1,24.25,1
Hunter+Warrior_vs_Rogue+Warrior,7,0,0,1,Rogue+Warrior,1,1,4.95,"(3, -1)",Flare,4.97,,,,0,0,Team 1,26.2,1
Hunter+Warrior_vs_Rogue+Warrior,8,0,0,1,Rogue+Warrior,1,1,4.95,"(3, -1)",Flare,4.97,,,,0,0,Team 1,27.38,1
Hunter+Warrior_vs_Rogue+Warrior,9,0,0,1,Rogue+Warrior,1,1,4.95,"(3, -1)",Flare,4.97,,,,0,0,Team 1,24.12,1
Hunter+Mage_vs_Rogue+Priest,0,,,1,Priest+Rogue,1,1,4.95,"(-5, -2)",Flare,4.97,,,,0,0,Team 2,39.57,0
Hunter+Mage_vs_Rogue+Priest,1,,,1,Priest+Rogue,1,1,4.95,"(-5, -2)",Flare,4.97,,,,0,0,Team 2,44.03,0
Hunter+Mage_vs_Rogue+Priest,2,,,1,Priest+Rogue,1,1,4.95,"(-5, -2)",Flare,4.97,,,,0,0,Team 2,40.77,0
Hunter+Mage_vs_Rogue+Priest,3,,,1,Priest+Rogue,1,1,4.95,"(-5, -2)",Flare,4.97,,,,0,0,Team 2,43.03,0
Hunter+Mage_vs_Rogue+Priest,4,,,1,Priest+Rogue,1,1,4.95,"(-5, -2)",Flare,4.97,,,,0,0,Team 1,36.25,1
Hunter+Mage_vs_Rogue+Priest,5,,,1,Priest+Rogue,1,1,4.95,"(-5, -2)",Flare,4.97,,,,0,0,Team 2,43.58,0
Hunter+Mage_vs_Rogue+Priest,6,,,1,Priest+Rogue,1,1,4.95,"(-5, -2)",Flare,4.97,,,,0,0,Team 2,41.07,0
Hunter+Mage_vs_Rogue+Priest,7,,,1,Priest+Rogue,1,1,4.95,"(-5, -2)",Flare,4.97,,,,0,0,Team 1,36.27,1
Hunter+Mage_vs_Rogue+Priest,8,,,1,Priest+Rogue,1,1,4.95,"(-5, -2)",Flare,4.97,,,,0,0,Team 2,42.13,0
Hunter+Mage_vs_Rogue+Priest,9,,,1,Priest+Rogue,1,1,4.95,"(-5, -2)",Flare,4.97,,,,0,0,Team 1,34.47,1
Hunter+Mage_vs_Rogue+Priest,0,0,0,1,Priest+Rogue,1,1,4.98,"(-5, -2)",Flare,5.0,,,,0,0,Team 1,30.63,1
Hunter+Mage_vs_Rogue+Priest,1,0,0,1,Priest+Rogue,1,1,4.98,"(-5, -2)",Flare,5.0,,,,0,0,Team 1,28.02,1
Hunter+Mage_vs_Rogue+Priest,2,0,0,1,Priest+Rogue,1,1,4.98,"(-5, -2)",Flare,5.0,,,,0,0,Team 1,27.38,1
Hunter+Mage_vs_Rogue+Priest,3,0,0,1,Priest+Rogue,1,1,4.98,"(-5, -2)",Flare,5.0,,,,0,0,Team 1,27.43,1
Hunter+Mage_vs_Rogue+Priest,4,0,0,1,Priest+Rogue,1,1,4.98,"(-5, -2)",Flare,5.0,,,,0,0,Team 1,27.53,1
Hunter+Mage_vs_Rogue+Priest,5,0,0,1,Priest+Rogue,1,1,4.98,"(-5, -2)",Flare,5.0,,,,0,0,Team 1,26.75,1
Hunter+Mage_vs_Rogue+Priest,6,0,0,1,Priest+Rogue,1,1,4.98,"(-5, -2)",Flare,5.0,,,,0,0,Team 1,26.9,1
Hunter+Mage_vs_Rogue+Priest,7,0,0,1,Priest+Rogue,1,1,4.98,"(-5, -2)",Flare,5.0,,,,0,0,Team 1,27.55,1
Hunter+Mage_vs_Rogue+Priest,8,0,0,1,Priest+Rogue,1,1,4.98,"(-5, -2)",Flare,5.0,,,,0,0,Team 1,26.68,1
Hunter+Mage_vs_Rogue+Priest,9,0,0,1,Priest+Rogue,1,1,4.98,"(-5, -2)",Flare,5.0,,,,0,0,Team 1,30.58,1
Hunter+Mage_vs_Rogue+Paladin,0,,,1,Paladin+Rogue,1,1,4.98,"(-5, -1)",Flare,5.0,,,,0,0,Team 2,42.43,0
Hunter+Mage_vs_Rogue+Paladin,1,,,1,Paladin+Rogue,1,1,4.98,"(-5, -1)",Flare,5.0,,,,0,0,Team 2,41.72,0
Hunter+Mage_vs_Rogue+Paladin,2,,,1,Paladin+Rogue,1,1,4.98,"(-5, -1)",Flare,5.0,,,,0,1,Team 1,41.93,1
Hunter+Mage_vs_Rogue+Paladin,3,,,1,Paladin+Rogue,1,1,4.98,"(-5, -1)",Flare,5.0,,,,0,0,Team 2,42.97,0
Hunter+Mage_vs_Rogue+Paladin,4,,,1,Paladin+Rogue,1,1,4.98,"(-5, -1)",Flare,5.0,,,,0,0,Team 2,41.75,0
Hunter+Mage_vs_Rogue+Paladin,5,,,1,Paladin+Rogue,1,1,4.98,"(-5, -1)",Flare,5.0,,,,0,0,Team 2,43.87,0
Hunter+Mage_vs_Rogue+Paladin,6,,,1,Paladin+Rogue,1,1,4.98,"(-5, -1)",Flare,5.0,,,,0,0,Team 2,38.08,0
Hunter+Mage_vs_Rogue+Paladin,7,,,1,Paladin+Rogue,1,1,4.98,"(-5, -1)",Flare,5.0,,,,0,0,Team 2,42.55,0
Hunter+Mage_vs_Rogue+Paladin,8,,,1,Paladin+Rogue,1,1,4.98,"(-5, -1)",Flare,5.0,,,,0,0,Team 2,42.02,0
Hunter+Mage_vs_Rogue+Paladin,9,,,1,Paladin+Rogue,1,1,4.98,"(-5, -1)",Flare,5.0,,,,0,0,Team 2,40.62,0
Hunter+Mage_vs_Rogue+Paladin,0,0,0,1,Paladin+Rogue,1,1,4.98,"(-5, -2)",Flare,5.0,,,,0,1,Team 1,40.17,1
Hunter+Mage_vs_Rogue+Paladin,1,0,0,1,Paladin+Rogue,1,1,4.98,"(-5, -2)",Flare,5.0,,,,0,1,Team 2,70.07,0
Hunter+Mage_vs_Rogue+Paladin,2,0,0,1,Paladin+Rogue,1,1,4.98,"(-5, -2)",Flare,5.0,,,,0,1,Team 2,71.02,0
Hunter+Mage_vs_Rogue+Paladin,3,0,0,1,Paladin+Rogue,1,1,4.98,"(-5, -2)",Flare,5.0,,,,0,1,Team 2,71.92,0
Hunter+Mage_vs_Rogue+Paladin,4,0,0,1,Paladin+Rogue,1,1,4.98,"(-5, -2)",Flare,5.0,,,,0,1,Team 2,79.65,0
Hunter+Mage_vs_Rogue+Paladin,5,0,0,1,Paladin+Rogue,1,1,4.98,"(-5, -2)",Flare,5.0,,,,0,0,Team 2,71.89,0
Hunter+Mage_vs_Rogue+Paladin,6,0,0,1,Paladin+Rogue,1,1,4.98,"(-5, -2)",Flare,5.0,,,,0,1,Team 2,70.1,0
Hunter+Mage_vs_Rogue+Paladin,7,0,0,1,Paladin+Rogue,1,1,4.98,"(-5, -2)",Flare,5.0,,,,0,0,Team 1,35.68,1
Hunter+Mage_vs_Rogue+Paladin,8,0,0,1,Paladin+Rogue,1,1,4.98,"(-5, -2)",Flare,5.0,,,,0,0,Team 2,41.3,0
Hunter+Mage_vs_Rogue+Paladin,9,0,0,1,Paladin+Rogue,1,1,4.98,"(-5, -2)",Flare,5.0,,,,0,1,Team 2,61.2,0
Hunter+Mage_vs_Rogue+Warlock,0,,,1,Rogue+Warlock,1,1,5.15,"(-6, -2)",Flare,5.17,,,,0,0,Team 1,18.82,1
Hunter+Mage_vs_Rogue+Warlock,1,,,1,Rogue+Warlock,1,1,5.15,"(-6, -2)",Flare,5.17,,,,0,0,Team 1,20.42,1
Hunter+Mage_vs_Rogue+Warlock,2,,,1,Rogue+Warlock,1,1,5.15,"(-6, -2)",Flare,5.17,,,,0,0,Team 1,18.83,1
Hunter+Mage_vs_Rogue+Warlock,3,,,1,Rogue+Warlock,1,1,5.15,"(-6, -2)",Flare,5.17,,,,0,0,Team 2,27.7,0
Hunter+Mage_vs_Rogue+Warlock,4,,,1,Rogue+Warlock,1,1,5.15,"(-6, -2)",Flare,5.17,,,,0,0,Team 2,29.12,0
Hunter+Mage_vs_Rogue+Warlock,5,,,1,Rogue+Warlock,1,1,5.15,"(-6, -2)",Flare,5.17,,,,0,0,Team 1,18.9,1
Hunter+Mage_vs_Rogue+Warlock,6,,,1,Rogue+Warlock,1,1,5.15,"(-6, -2)",Flare,5.17,,,,0,0,Team 1,18.37,1
Hunter+Mage_vs_Rogue+Warlock,7,,,1,Rogue+Warlock,1,1,5.15,"(-6, -2)",Flare,5.17,,,,0,0,Team 1,17.22,1
Hunter+Mage_vs_Rogue+Warlock,8,,,1,Rogue+Warlock,1,1,5.15,"(-6, -2)",Flare,5.17,,,,0,0,Team 1,29.08,1
Hunter+Mage_vs_Rogue+Warlock,9,,,1,Rogue+Warlock,1,1,5.15,"(-6, -2)",Flare,5.17,,,,0,0,Team 1,19.52,1
Hunter+Mage_vs_Rogue+Warlock,0,0,0,1,Rogue+Warlock,1,1,5.12,"(-5, -2)",Flare,5.13,,,,0,0,Team 1,18.85,1
Hunter+Mage_vs_Rogue+Warlock,1,0,0,1,Rogue+Warlock,1,1,5.12,"(-5, -2)",Flare,5.13,,,,0,0,Team 1,20.42,1
Hunter+Mage_vs_Rogue+Warlock,2,0,0,1,Rogue+Warlock,1,1,5.12,"(-5, -2)",Flare,5.13,,,,0,0,Team 1,21.57,1
Hunter+Mage_vs_Rogue+Warlock,3,0,0,1,Rogue+Warlock,1,1,5.12,"(-5, -2)",Flare,5.13,,,,0,0,Team 1,21.73,1
Hunter+Mage_vs_Rogue+Warlock,4,0,0,1,Rogue+Warlock,1,1,5.12,"(-5, -2)",Flare,5.13,,,,0,0,Team 1,17.02,1
Hunter+Mage_vs_Rogue+Warlock,5,0,0,1,Rogue+Warlock,1,1,5.12,"(-5, -2)",Flare,5.13,,,,0,0,Team 1,19.23,1
Hunter+Mage_vs_Rogue+Warlock,6,0,0,1,Rogue+Warlock,1,1,5.12,"(-5, -2)",Flare,5.13,,,,0,0,Team 1,19.43,1
Hunter+Mage_vs_Rogue+Warlock,7,0,0,1,Rogue+Warlock,1,1,5.12,"(-5, -2)",Flare,5.13,,,,0,0,Team 1,18.87,1
Hunter+Mage_vs_Rogue+Warlock,8,0,0,1,Rogue+Warlock,1,1,5.12,"(-5, -2)",Flare,5.13,,,,0,0,Team 1,20.22,1
Hunter+Mage_vs_Rogue+Warlock,9,0,0,1,Rogue+Warlock,1,1,5.12,"(-5, -2)",Flare,5.13,,,,0,0,Team 1,19.05,1
Hunter+Mage_vs_Rogue+Shaman,0,,,1,Rogue+Shaman,0,0,,,Freezing Trap,4.9,,,,1,0,Team 1,36.65,1
Hunter+Mage_vs_Rogue+Shaman,1,,,1,Rogue+Shaman,0,0,,,Freezing Trap,4.9,,,,1,0,Team 1,34.38,1
Hunter+Mage_vs_Rogue+Shaman,2,,,1,Rogue+Shaman,0,0,,,Freezing Trap,4.9,,,,1,1,Team 1,78.07,1
Hunter+Mage_vs_Rogue+Shaman,3,,,1,Rogue+Shaman,0,0,,,Freezing Trap,4.9,,,,1,0,Team 1,36.72,1
Hunter+Mage_vs_Rogue+Shaman,4,,,1,Rogue+Shaman,0,0,,,Freezing Trap,4.9,,,,1,0,Team 1,36.17,1
Hunter+Mage_vs_Rogue+Shaman,5,,,1,Rogue+Shaman,0,0,,,Freezing Trap,4.9,,,,1,0,Team 2,41.82,0
Hunter+Mage_vs_Rogue+Shaman,6,,,1,Rogue+Shaman,0,0,,,Freezing Trap,4.9,,,,1,0,Team 1,34.38,1
Hunter+Mage_vs_Rogue+Shaman,7,,,1,Rogue+Shaman,0,0,,,Freezing Trap,4.9,,,,1,0,Team 1,36.12,1
Hunter+Mage_vs_Rogue+Shaman,8,,,1,Rogue+Shaman,0,0,,,Freezing Trap,4.9,,,,1,0,Team 1,34.38,1
Hunter+Mage_vs_Rogue+Shaman,9,,,1,Rogue+Shaman,0,0,,,Freezing Trap,4.9,,,,1,0,Team 1,34.38,1
Hunter+Mage_vs_Rogue+Shaman,0,0,0,1,Rogue+Shaman,1,1,4.98,"(-5, -2)",Flare,5.0,,,,0,0,Team 1,23.18,1
Hunter+Mage_vs_Rogue+Shaman,1,0,0,1,Rogue+Shaman,1,1,4.98,"(-5, -2)",Flare,5.0,,,,0,0,Team 1,21.67,1
Hunter+Mage_vs_Rogue+Shaman,2,0,0,1,Rogue+Shaman,1,1,4.98,"(-5, -2)",Flare,5.0,,,,0,0,Team 1,22.97,1
Hunter+Mage_vs_Rogue+Shaman,3,0,0,1,Rogue+Shaman,1,1,4.98,"(-5, -2)",Flare,5.0,,,,0,0,Team 1,26.0,1
Hunter+Mage_vs_Rogue+Shaman,4,0,0,1,Rogue+Shaman,1,1,4.98,"(-5, -2)",Flare,5.0,,,,0,0,Team 1,24.48,1
Hunter+Mage_vs_Rogue+Shaman,5,0,0,1,Rogue+Shaman,1,1,4.98,"(-5, -2)",Flare,5.0,,,,0,0,Team 1,26.0,1
Hunter+Mage_vs_Rogue+Shaman,6,0,0,1,Rogue+Shaman,1,1,4.98,"(-5, -2)",Flare,5.0,,,,0,0,Team 1,21.25,1
Hunter+Mage_vs_Rogue+Shaman,7,0,0,1,Rogue+Shaman,1,1,4.98,"(-5, -2)",Flare,5.0,,,,0,0,Team 1,21.67,1
Hunter+Mage_vs_Rogue+Shaman,8,0,0,1,Rogue+Shaman,1,1,4.98,"(-5, -2)",Flare,5.0,,,,0,0,Team 1,25.35,1
Hunter+Mage_vs_Rogue+Shaman,9,0,0,1,Rogue+Shaman,1,1,4.98,"(-5, -2)",Flare,5.0,,,,0,0,Team 1,22.97,1
Hunter+Mage_vs_Rogue+Mage,0,,,1,Mage+Rogue,0,0,,,Freezing Trap,4.87,,,,1,0,Team 1,17.8,1
Hunter+Mage_vs_Rogue+Mage,1,,,1,Mage+Rogue,0,0,,,Freezing Trap,4.87,,,,1,0,Team 1,17.8,1
Hunter+Mage_vs_Rogue+Mage,2,,,1,Mage+Rogue,0,0,,,Freezing Trap,4.87,,,,1,0,Team 1,16.4,1
Hunter+Mage_vs_Rogue+Mage,3,,,1,Mage+Rogue,0,0,,,Freezing Trap,4.87,,,,1,0,Team 1,17.8,1
Hunter+Mage_vs_Rogue+Mage,4,,,1,Mage+Rogue,0,0,,,Freezing Trap,4.87,,,,1,0,Team 1,20.23,1
Hunter+Mage_vs_Rogue+Mage,5,,,1,Mage+Rogue,0,0,,,Freezing Trap,4.87,,,,1,0,Team 1,16.95,1
Hunter+Mage_vs_Rogue+Mage,6,,,1,Mage+Rogue,0,0,,,Freezing Trap,4.87,,,,1,0,Team 1,16.33,1
Hunter+Mage_vs_Rogue+Mage,7,,,1,Mage+Rogue,0,0,,,Freezing Trap,4.87,,,,1,0,Team 1,17.8,1
Hunter+Mage_vs_Rogue+Mage,8,,,1,Mage+Rogue,0,0,,,Freezing Trap,4.87,,,,1,0,Team 1,17.8,1
Hunter+Mage_vs_Rogue+Mage,9,,,1,Mage+Rogue,0,0,,,Freezing Trap,4.87,,,,1,0,Team 1,22.33,1
Hunter+Mage_vs_Rogue+Mage,0,0,0,1,Mage+Rogue,1,1,5.58,"(-2, -2)",Flare,5.6,,,,0,0,Team 1,16.38,1
Hunter+Mage_vs_Rogue+Mage,1,0,0,1,Mage+Rogue,1,1,5.58,"(-2, -2)",Flare,5.6,,,,0,0,Team 1,15.0,1
Hunter+Mage_vs_Rogue+Mage,2,0,0,1,Mage+Rogue,1,1,5.58,"(-2, -2)",Flare,5.6,,,,0,0,Team 1,16.52,1
Hunter+Mage_vs_Rogue+Mage,3,0,0,1,Mage+Rogue,1,1,5.58,"(-2, -2)",Flare,5.6,,,,0,0,Team 1,16.38,1
Hunter+Mage_vs_Rogue+Mage,4,0,0,1,Mage+Rogue,1,1,5.58,"(-2, -2)",Flare,5.6,,,,0,0,Team 1,16.38,1
Hunter+Mage_vs_Rogue+Mage,5,0,0,1,Mage+Rogue,1,1,5.58,"(-2, -2)",Flare,5.6,,,,0,0,Team 1,16.38,1
Hunter+Mage_vs_Rogue+Mage,6,0,0,1,Mage+Rogue,1,1,5.58,"(-2, -2)",Flare,5.6,,,,0,0,Team 1,14.98,1
Hunter+Mage_vs_Rogue+Mage,7,0,0,1,Mage+Rogue,1,1,5.58,"(-2, -2)",Flare,5.6,,,,0,0,Team 1,16.38,1
Hunter+Mage_vs_Rogue+Mage,8,0,0,1,Mage+Rogue,1,1,5.58,"(-2, -2)",Flare,5.6,,,,0,0,Team 1,16.38,1
Hunter+Mage_vs_Rogue+Mage,9,0,0,1,Mage+Rogue,1,1,5.58,"(-2, -2)",Flare,5.6,,,,0,0,Team 1,16.52,1
Hunter+Mage_vs_Rogue+Warrior,0,,,1,Rogue+Warrior,0,0,,,Freezing Trap,4.92,,,,1,0,Team 1,17.98,1
Hunter+Mage_vs_Rogue+Warrior,1,,,1,Rogue+Warrior,0,0,,,Freezing Trap,4.92,,,,1,0,Team 1,17.98,1
Hunter+Mage_vs_Rogue+Warrior,2,,,1,Rogue+Warrior,0,0,,,Freezing Trap,4.92,,,,1,0,Team 1,16.5,1
Hunter+Mage_vs_Rogue+Warrior,3,,,1,Rogue+Warrior,0,0,,,Freezing Trap,4.92,,,,1,0,Team 1,17.98,1
Hunter+Mage_vs_Rogue+Warrior,4,,,1,Rogue+Warrior,0,0,,,Freezing Trap,4.92,,,,1,0,Team 1,17.93,1
Hunter+Mage_vs_Rogue+Warrior,5,,,1,Rogue+Warrior,0,0,,,Freezing Trap,4.92,,,,1,0,Team 1,16.5,1
Hunter+Mage_vs_Rogue+Warrior,6,,,1,Rogue+Warrior,0,0,,,Freezing Trap,4.92,,,,1,0,Team 1,17.98,1
Hunter+Mage_vs_Rogue+Warrior,7,,,1,Rogue+Warrior,0,0,,,Freezing Trap,4.92,,,,1,0,Team 1,17.98,1
Hunter+Mage_vs_Rogue+Warrior,8,,,1,Rogue+Warrior,0,0,,,Freezing Trap,4.92,,,,1,0,Team 1,17.98,1
Hunter+Mage_vs_Rogue+Warrior,9,,,1,Rogue+Warrior,0,0,,,Freezing Trap,4.92,,,,1,0,Team 1,17.98,1
Hunter+Mage_vs_Rogue+Warrior,0,0,0,1,Rogue+Warrior,1,1,6.78,"(-16, -0)",Flare,6.8,,,,0,0,Team 1,20.22,1
Hunter+Mage_vs_Rogue+Warrior,1,0,0,1,Rogue+Warrior,1,1,6.78,"(-16, -0)",Flare,6.8,,,,0,0,Team 1,23.57,1
Hunter+Mage_vs_Rogue+Warrior,2,0,0,1,Rogue+Warrior,1,1,6.78,"(-16, -0)",Flare,6.8,,,,0,0,Team 1,16.12,1
Hunter+Mage_vs_Rogue+Warrior,3,0,0,1,Rogue+Warrior,1,1,6.78,"(-16, -0)",Flare,6.8,,,,0,0,Team 1,21.9,1
Hunter+Mage_vs_Rogue+Warrior,4,0,0,1,Rogue+Warrior,1,1,6.78,"(-16, -0)",Flare,6.8,,,,0,0,Team 1,23.42,1
Hunter+Mage_vs_Rogue+Warrior,5,0,0,1,Rogue+Warrior,1,1,6.78,"(-16, -0)",Flare,6.8,,,,0,0,Team 1,20.32,1
Hunter+Mage_vs_Rogue+Warrior,6,0,0,1,Rogue+Warrior,1,1,6.78,"(-16, -0)",Flare,6.8,,,,0,0,Team 1,23.42,1
Hunter+Mage_vs_Rogue+Warrior,7,0,0,1,Rogue+Warrior,1,1,6.78,"(-16, -0)",Flare,6.8,,,,0,0,Team 1,21.9,1
Hunter+Mage_vs_Rogue+Warrior,8,0,0,1,Rogue+Warrior,1,1,6.78,"(-16, -0)",Flare,6.8,,,,0,0,Team 1,23.6,1
Hunter+Mage_vs_Rogue+Warrior,9,0,0,1,Rogue+Warrior,1,1,6.78,"(-16, -0)",Flare,6.8,,,,0,0,Team 1,23.43,1
Hunter+Warlock_vs_Rogue+Priest,0,,,1,Priest+Rogue,1,1,4.95,"(-5, -2)",Flare,4.97,,,,0,0,Team 2,33.0,0
Hunter+Warlock_vs_Rogue+Priest,1,,,1,Priest+Rogue,1,1,4.95,"(-5, -2)",Flare,4.97,,,,0,0,Team 2,30.72,0
Hunter+Warlock_vs_Rogue+Priest,2,,,1,Priest+Rogue,1,1,4.95,"(-5, -2)",Flare,4.97,,,,0,0,Team 2,29.53,0
Hunter+Warlock_vs_Rogue+Priest,3,,,1,Priest+Rogue,1,1,4.95,"(-5, -2)",Flare,4.97,,,,0,0,Team 2,29.93,0
Hunter+Warlock_vs_Rogue+Priest,4,,,1,Priest+Rogue,1,1,4.95,"(-5, -2)",Flare,4.97,,,,0,0,Team 2,29.0,0
Hunter+Warlock_vs_Rogue+Priest,5,,,1,Priest+Rogue,1,1,4.95,"(-5, -2)",Flare,4.97,,,,0,0,Team 2,34.02,0
Hunter+Warlock_vs_Rogue+Priest,6,,,1,Priest+Rogue,1,1,4.95,"(-5, -2)",Flare,4.97,,,,0,0,Team 2,31.42,0
Hunter+Warlock_vs_Rogue+Priest,7,,,1,Priest+Rogue,1,1,4.95,"(-5, -2)",Flare,4.97,,,,0,0,Team 2,30.68,0
Hunter+Warlock_vs_Rogue+Priest,8,,,1,Priest+Rogue,1,1,4.95,"(-5, -2)",Flare,4.97,,,,0,0,Team 2,34.43,0
Hunter+Warlock_vs_Rogue+Priest,9,,,1,Priest+Rogue,1,1,4.95,"(-5, -2)",Flare,4.97,,,,0,0,Team 1,51.73,1
Hunter+Warlock_vs_Rogue+Priest,0,0,0,1,Priest+Rogue,1,1,4.95,"(-5, -2)",Flare,4.97,,,,0,0,Team 1,22.63,1
Hunter+Warlock_vs_Rogue+Priest,1,0,0,1,Priest+Rogue,1,1,4.95,"(-5, -2)",Flare,4.97,,,,0,0,Team 1,30.18,1
Hunter+Warlock_vs_Rogue+Priest,2,0,0,1,Priest+Rogue,1,1,4.95,"(-5, -2)",Flare,4.97,,,,0,0,Team 1,24.1,1
Hunter+Warlock_vs_Rogue+Priest,3,0,0,1,Priest+Rogue,1,1,4.95,"(-5, -2)",Flare,4.97,,,,0,0,Team 1,29.63,1
Hunter+Warlock_vs_Rogue+Priest,4,0,0,1,Priest+Rogue,1,1,4.95,"(-5, -2)",Flare,4.97,,,,0,0,Team 1,25.53,1
Hunter+Warlock_vs_Rogue+Priest,5,0,0,1,Priest+Rogue,1,1,4.95,"(-5, -2)",Flare,4.97,,,,0,0,Team 1,22.65,1
Hunter+Warlock_vs_Rogue+Priest,6,0,0,1,Priest+Rogue,1,1,4.95,"(-5, -2)",Flare,4.97,,,,0,0,Team 1,36.12,1
Hunter+Warlock_vs_Rogue+Priest,7,0,0,1,Priest+Rogue,1,1,4.95,"(-5, -2)",Flare,4.97,,,,0,0,Team 1,21.02,1
Hunter+Warlock_vs_Rogue+Priest,8,0,0,1,Priest+Rogue,1,1,4.95,"(-5, -2)",Flare,4.97,,,,0,0,Team 1,36.75,1
Hunter+Warlock_vs_Rogue+Priest,9,0,0,1,Priest+Rogue,1,1,4.95,"(-5, -2)",Flare,4.97,,,,0,0,Team 1,36.4,1
Hunter+Warlock_vs_Rogue+Paladin,0,,,1,Paladin+Rogue,1,1,4.98,"(-5, -1)",Flare,5.0,,,,0,0,Team 1,59.45,1
Hunter+Warlock_vs_Rogue+Paladin,1,,,1,Paladin+Rogue,1,1,4.98,"(-5, -1)",Flare,5.0,,,,0,0,Team 2,38.22,0
Hunter+Warlock_vs_Rogue+Paladin,2,,,1,Paladin+Rogue,1,1,4.98,"(-5, -1)",Flare,5.0,,,,0,0,Team 1,55.17,1
Hunter+Warlock_vs_Rogue+Paladin,3,,,1,Paladin+Rogue,1,1,4.98,"(-5, -1)",Flare,5.0,,,,0,1,Team 1,66.35,1
Hunter+Warlock_vs_Rogue+Paladin,4,,,1,Paladin+Rogue,1,1,4.98,"(-5, -1)",Flare,5.0,,,,0,0,Team 1,57.67,1
Hunter+Warlock_vs_Rogue+Paladin,5,,,1,Paladin+Rogue,1,1,4.98,"(-5, -1)",Flare,5.0,,,,0,1,Team 1,59.15,1
Hunter+Warlock_vs_Rogue+Paladin,6,,,1,Paladin+Rogue,1,1,4.98,"(-5, -1)",Flare,5.0,,,,0,1,Team 1,56.88,1
Hunter+Warlock_vs_Rogue+Paladin,7,,,1,Paladin+Rogue,1,1,4.98,"(-5, -1)",Flare,5.0,,,,0,0,Team 2,32.07,0
Hunter+Warlock_vs_Rogue+Paladin,8,,,1,Paladin+Rogue,1,1,4.98,"(-5, -1)",Flare,5.0,,,,0,0,Team 1,28.75,1
Hunter+Warlock_vs_Rogue+Paladin,9,,,1,Paladin+Rogue,1,1,4.98,"(-5, -1)",Flare,5.0,,,,0,0,Team 1,60.28,1
Hunter+Warlock_vs_Rogue+Paladin,0,0,0,1,Paladin+Rogue,1,1,4.98,"(-5, -2)",Flare,5.0,,,,0,0,Team 1,69.89,1
Hunter+Warlock_vs_Rogue+Paladin,1,0,0,1,Paladin+Rogue,1,1,4.98,"(-5, -2)",Flare,5.0,,,,0,0,Team 1,62.22,1
Hunter+Warlock_vs_Rogue+Paladin,2,0,0,1,Paladin+Rogue,1,1,4.98,"(-5, -2)",Flare,5.0,,,,0,0,Team 1,73.82,1
Hunter+Warlock_vs_Rogue+Paladin,3,0,0,1,Paladin+Rogue,1,1,4.98,"(-5, -2)",Flare,5.0,,,,0,0,Team 2,40.52,0
Hunter+Warlock_vs_Rogue+Paladin,4,0,0,1,Paladin+Rogue,1,1,4.98,"(-5, -2)",Flare,5.0,,,,0,0,Team 2,36.75,0
Hunter+Warlock_vs_Rogue+Paladin,5,0,0,1,Paladin+Rogue,1,1,4.98,"(-5, -2)",Flare,5.0,,,,0,0,Team 1,84.81,1
Hunter+Warlock_vs_Rogue+Paladin,6,0,0,1,Paladin+Rogue,1,1,4.98,"(-5, -2)",Flare,5.0,,,,0,0,Team 1,79.59,1
Hunter+Warlock_vs_Rogue+Paladin,7,0,0,1,Paladin+Rogue,1,1,4.98,"(-5, -2)",Flare,5.0,,,,0,0,Team 1,59.85,1
Hunter+Warlock_vs_Rogue+Paladin,8,0,0,1,Paladin+Rogue,1,1,4.98,"(-5, -2)",Flare,5.0,,,,0,0,Team 1,79.95,1
Hunter+Warlock_vs_Rogue+Paladin,9,0,0,1,Paladin+Rogue,1,1,4.98,"(-5, -2)",Flare,5.0,,,,0,0,Team 1,43.63,1
Hunter+Warlock_vs_Rogue+Warlock,0,,,1,Rogue+Warlock,1,1,5.13,"(-6, -2)",Flare,5.15,,,,0,1,Team 1,29.28,1
Hunter+Warlock_vs_Rogue+Warlock,1,,,1,Rogue+Warlock,1,1,5.13,"(-6, -2)",Flare,5.15,,,,0,1,Team 1,24.53,1
Hunter+Warlock_vs_Rogue+Warlock,2,,,1,Rogue+Warlock,1,1,5.13,"(-6, -2)",Flare,5.15,,,,0,0,Team 1,23.33,1
Hunter+Warlock_vs_Rogue+Warlock,3,,,1,Rogue+Warlock,1,1,5.13,"(-6, -2)",Flare,5.15,,,,0,0,Team 2,26.23,0
Hunter+Warlock_vs_Rogue+Warlock,4,,,1,Rogue+Warlock,1,1,5.13,"(-6, -2)",Flare,5.15,,,,0,0,Team 1,23.95,1
Hunter+Warlock_vs_Rogue+Warlock,5,,,1,Rogue+Warlock,1,1,5.13,"(-6, -2)",Flare,5.15,,,,0,0,Team 2,25.8,0
Hunter+Warlock_vs_Rogue+Warlock,6,,,1,Rogue+Warlock,1,1,5.13,"(-6, -2)",Flare,5.15,,,,0,0,Team 1,23.7,1
Hunter+Warlock_vs_Rogue+Warlock,7,,,1,Rogue+Warlock,1,1,5.13,"(-6, -2)",Flare,5.15,,,,0,0,Team 1,34.25,1
Hunter+Warlock_vs_Rogue+Warlock,8,,,1,Rogue+Warlock,1,1,5.13,"(-6, -2)",Flare,5.15,,,,0,1,Team 1,24.35,1
Hunter+Warlock_vs_Rogue+Warlock,9,,,1,Rogue+Warlock,1,1,5.13,"(-6, -2)",Flare,5.15,,,,0,0,Team 1,25.15,1
Hunter+Warlock_vs_Rogue+Warlock,0,0,0,1,Rogue+Warlock,1,1,5.12,"(-5, -2)",Flare,5.13,,,,0,0,Team 1,21.02,1
Hunter+Warlock_vs_Rogue+Warlock,1,0,0,1,Rogue+Warlock,1,1,5.12,"(-5, -2)",Flare,5.13,,,,0,0,Team 1,20.0,1
Hunter+Warlock_vs_Rogue+Warlock,2,0,0,1,Rogue+Warlock,1,1,5.12,"(-5, -2)",Flare,5.13,,,,0,0,Team 1,19.25,1
Hunter+Warlock_vs_Rogue+Warlock,3,0,0,1,Rogue+Warlock,1,1,5.12,"(-5, -2)",Flare,5.13,,,,0,0,Team 1,20.95,1
Hunter+Warlock_vs_Rogue+Warlock,4,0,0,1,Rogue+Warlock,1,1,5.12,"(-5, -2)",Flare,5.13,,,,0,0,Team 1,20.0,1
Hunter+Warlock_vs_Rogue+Warlock,5,0,0,1,Rogue+Warlock,1,1,5.12,"(-5, -2)",Flare,5.13,,,,0,0,Team 1,20.0,1
Hunter+Warlock_vs_Rogue+Warlock,6,0,0,1,Rogue+Warlock,1,1,5.12,"(-5, -2)",Flare,5.13,,,,0,0,Team 1,18.72,1
Hunter+Warlock_vs_Rogue+Warlock,7,0,0,1,Rogue+Warlock,1,1,5.12,"(-5, -2)",Flare,5.13,,,,0,0,Team 1,20.4,1
Hunter+Warlock_vs_Rogue+Warlock,8,0,0,1,Rogue+Warlock,1,1,5.12,"(-5, -2)",Flare,5.13,,,,0,0,Team 1,20.4,1
Hunter+Warlock_vs_Rogue+Warlock,9,0,0,1,Rogue+Warlock,1,1,5.12,"(-5, -2)",Flare,5.13,,,,0,0,Team 1,20.1,1
Hunter+Warlock_vs_Rogue+Shaman,0,,,1,Rogue+Shaman,0,0,,,Freezing Trap,4.9,,,,1,0,Team 1,34.35,1
Hunter+Warlock_vs_Rogue+Shaman,1,,,1,Rogue+Shaman,0,0,,,Freezing Trap,4.9,,,,1,0,Team 2,70.22,0
Hunter+Warlock_vs_Rogue+Shaman,2,,,1,Rogue+Shaman,0,0,,,Freezing Trap,4.9,,,,1,0,Team 1,51.9,1
Hunter+Warlock_vs_Rogue+Shaman,3,,,1,Rogue+Shaman,0,0,,,Freezing Trap,4.9,,,,1,0,Team 1,78.49,1
Hunter+Warlock_vs_Rogue+Shaman,4,,,1,Rogue+Shaman,0,0,,,Freezing Trap,4.9,,,,1,0,Team 1,31.82,1
Hunter+Warlock_vs_Rogue+Shaman,5,,,1,Rogue+Shaman,0,0,,,Freezing Trap,4.9,,,,1,0,Team 2,54.85,0
Hunter+Warlock_vs_Rogue+Shaman,6,,,1,Rogue+Shaman,0,0,,,Freezing Trap,4.9,,,,1,0,Team 2,52.18,0
Hunter+Warlock_vs_Rogue+Shaman,7,,,1,Rogue+Shaman,0,0,,,Freezing Trap,4.9,,,,1,0,Team 2,68.92,0
Hunter+Warlock_vs_Rogue+Shaman,8,,,1,Rogue+Shaman,0,0,,,Freezing Trap,4.9,,,,1,0,Team 2,63.1,0
Hunter+Warlock_vs_Rogue+Shaman,9,,,1,Rogue+Shaman,0,0,,,Freezing Trap,4.9,,,,1,0,Team 2,74.47,0
Hunter+Warlock_vs_Rogue+Shaman,0,0,0,1,Rogue+Shaman,1,1,4.95,"(-5, -2)",Flare,4.97,,,,0,0,Team 1,26.02,1
Hunter+Warlock_vs_Rogue+Shaman,1,0,0,1,Rogue+Shaman,1,1,4.95,"(-5, -2)",Flare,4.97,,,,0,0,Team 1,37.08,1
Hunter+Warlock_vs_Rogue+Shaman,2,0,0,1,Rogue+Shaman,1,1,4.95,"(-5, -2)",Flare,4.97,,,,0,0,Team 1,25.83,1
Hunter+Warlock_vs_Rogue+Shaman,3,0,0,1,Rogue+Shaman,1,1,4.95,"(-5, -2)",Flare,4.97,,,,0,0,Team 1,27.57,1
Hunter+Warlock_vs_Rogue+Shaman,4,0,0,1,Rogue+Shaman,1,1,4.95,"(-5, -2)",Flare,4.97,,,,0,0,Team 1,33.98,1
Hunter+Warlock_vs_Rogue+Shaman,5,0,0,1,Rogue+Shaman,1,1,4.95,"(-5, -2)",Flare,4.97,,,,0,0,Team 1,29.82,1
Hunter+Warlock_vs_Rogue+Shaman,6,0,0,1,Rogue+Shaman,1,1,4.95,"(-5, -2)",Flare,4.97,,,,0,0,Team 1,31.72,1
Hunter+Warlock_vs_Rogue+Shaman,7,0,0,1,Rogue+Shaman,1,1,4.95,"(-5, -2)",Flare,4.97,,,,0,0,Team 1,37.43,1
Hunter+Warlock_vs_Rogue+Shaman,8,0,0,1,Rogue+Shaman,1,1,4.95,"(-5, -2)",Flare,4.97,,,,0,0,Team 1,22.0,1
Hunter+Warlock_vs_Rogue+Shaman,9,0,0,1,Rogue+Shaman,1,1,4.95,"(-5, -2)",Flare,4.97,,,,0,0,Team 1,27.67,1
Hunter+Warlock_vs_Rogue+Mage,0,,,1,Mage+Rogue,0,0,,,Freezing Trap,4.87,,,,1,0,Team 1,29.73,1
Hunter+Warlock_vs_Rogue+Mage,1,,,1,Mage+Rogue,0,0,,,Freezing Trap,4.87,,,,1,0,Team 1,29.3,1
Hunter+Warlock_vs_Rogue+Mage,2,,,1,Mage+Rogue,0,0,,,Freezing Trap,4.87,,,,1,0,Team 1,29.3,1
Hunter+Warlock_vs_Rogue+Mage,3,,,1,Mage+Rogue,0,0,,,Freezing Trap,4.87,,,,1,0,Team 1,29.63,1
Hunter+Warlock_vs_Rogue+Mage,4,,,1,Mage+Rogue,0,0,,,Freezing Trap,4.87,,,,1,0,Team 1,29.63,1
Hunter+Warlock_vs_Rogue+Mage,5,,,1,Mage+Rogue,0,0,,,Freezing Trap,4.87,,,,1,0,Team 1,23.5,1
Hunter+Warlock_vs_Rogue+Mage,6,,,1,Mage+Rogue,0,0,,,Freezing Trap,4.87,,,,1,0,Team 1,21.55,1
Hunter+Warlock_vs_Rogue+Mage,7,,,1,Mage+Rogue,0,0,,,Freezing Trap,4.87,,,,1,0,Team 1,29.3,1
Hunter+Warlock_vs_Rogue+Mage,8,,,1,Mage+Rogue,0,0,,,Freezing Trap,4.87,,,,1,0,Team 1,29.3,1
Hunter+Warlock_vs_Rogue+Mage,9,,,1,Mage+Rogue,0,0,,,Freezing Trap,4.87,,,,1,0,Team 1,29.3,1
Hunter+Warlock_vs_Rogue+Mage,0,0,0,1,Mage+Rogue,1,1,5.58,"(-1, -2)",Flare,5.6,,,,0,0,Team 2,18.52,0
Hunter+Warlock_vs_Rogue+Mage,1,0,0,1,Mage+Rogue,1,1,5.58,"(-1, -2)",Flare,5.6,,,,0,0,Team 1,30.75,1
Hunter+Warlock_vs_Rogue+Mage,2,0,0,1,Mage+Rogue,1,1,5.58,"(-1, -2)",Flare,5.6,,,,0,0,Team 2,28.15,0
Hunter+Warlock_vs_Rogue+Mage,3,0,0,1,Mage+Rogue,1,1,5.58,"(-1, -2)",Flare,5.6,,,,0,0,Team 1,33.8,1
Hunter+Warlock_vs_Rogue+Mage,4,0,0,1,Mage+Rogue,1,1,5.58,"(-1, -2)",Flare,5.6,,,,0,0,Team 1,29.33,1
Hunter+Warlock_vs_Rogue+Mage,5,0,0,1,Mage+Rogue,1,1,5.58,"(-1, -2)",Flare,5.6,,,,0,0,Team 1,34.0,1
Hunter+Warlock_vs_Rogue+Mage,6,0,0,1,Mage+Rogue,1,1,5.58,"(-1, -2)",Flare,5.6,,,,0,0,Team 1,31.02,1
Hunter+Warlock_vs_Rogue+Mage,7,0,0,1,Mage+Rogue,1,1,5.58,"(-1, -2)",Flare,5.6,,,,0,0,Team 1,27.05,1
Hunter+Warlock_vs_Rogue+Mage,8,0,0,1,Mage+Rogue,1,1,5.58,"(-1, -2)",Flare,5.6,,,,0,0,Team 1,34.0,1
Hunter+Warlock_vs_Rogue+Mage,9,0,0,1,Mage+Rogue,1,1,5.58,"(-1, -2)",Flare,5.6,,,,0,0,Team 2,24.37,0
Hunter+Warlock_vs_Rogue+Warrior,0,,,1,Rogue+Warrior,0,0,,,Freezing Trap,4.92,,,,1,0,Team 1,21.27,1
Hunter+Warlock_vs_Rogue+Warrior,1,,,1,Rogue+Warrior,0,0,,,Freezing Trap,4.92,,,,1,0,Team 1,21.38,1
Hunter+Warlock_vs_Rogue+Warrior,2,,,1,Rogue+Warrior,0,0,,,Freezing Trap,4.92,,,,1,0,Team 1,20.6,1
Hunter+Warlock_vs_Rogue+Warrior,3,,,1,Rogue+Warrior,0,0,,,Freezing Trap,4.92,,,,1,0,Team 1,21.2,1
Hunter+Warlock_vs_Rogue+Warrior,4,,,1,Rogue+Warrior,0,0,,,Freezing Trap,4.92,,,,1,0,Team 1,21.2,1
Hunter+Warlock_vs_Rogue+Warrior,5,,,1,Rogue+Warrior,0,0,,,Freezing Trap,4.92,,,,1,0,Team 1,20.55,1
Hunter+Warlock_vs_Rogue+Warrior,6,,,1,Rogue+Warrior,0,0,,,Freezing Trap,4.92,,,,1,0,Team 1,20.75,1
Hunter+Warlock_vs_Rogue+Warrior,7,,,1,Rogue+Warrior,0,0,,,Freezing Trap,4.92,,,,1,0,Team 1,20.52,1
Hunter+Warlock_vs_Rogue+Warrior,8,,,1,Rogue+Warrior,0,0,,,Freezing Trap,4.92,,,,1,0,Team 1,21.2,1
Hunter+Warlock_vs_Rogue+Warrior,9,,,1,Rogue+Warrior,0,0,,,Freezing Trap,4.92,,,,1,0,Team 1,21.2,1
Hunter+Warlock_vs_Rogue+Warrior,0,0,0,1,Rogue+Warrior,1,1,5.8,"(-10, -0)",Flare,5.82,,,,0,0,Team 1,22.93,1
Hunter+Warlock_vs_Rogue+Warrior,1,0,0,1,Rogue+Warrior,1,1,5.8,"(-10, -0)",Flare,5.82,,,,0,0,Team 1,26.13,1
Hunter+Warlock_vs_Rogue+Warrior,2,0,0,1,Rogue+Warrior,1,1,5.8,"(-10, -0)",Flare,5.82,,,,0,0,Team 1,22.93,1
Hunter+Warlock_vs_Rogue+Warrior,3,0,0,1,Rogue+Warrior,1,1,5.8,"(-10, -0)",Flare,5.82,,,,0,0,Team 1,26.3,1
Hunter+Warlock_vs_Rogue+Warrior,4,0,0,1,Rogue+Warrior,1,1,5.8,"(-10, -0)",Flare,5.82,,,,0,0,Team 1,25.83,1
Hunter+Warlock_vs_Rogue+Warrior,5,0,0,1,Rogue+Warrior,1,1,5.8,"(-10, -0)",Flare,5.82,,,,0,0,Team 1,26.3,1
Hunter+Warlock_vs_Rogue+Warrior,6,0,0,1,Rogue+Warrior,1,1,5.8,"(-10, -0)",Flare,5.82,,,,0,0,Team 1,26.13,1
Hunter+Warlock_vs_Rogue+Warrior,7,0,0,1,Rogue+Warrior,1,1,5.8,"(-10, -0)",Flare,5.82,,,,0,0,Team 1,21.42,1
Hunter+Warlock_vs_Rogue+Warrior,8,0,0,1,Rogue+Warrior,1,1,5.8,"(-10, -0)",Flare,5.82,,,,0,0,Team 1,24.95,1
Hunter+Warlock_vs_Rogue+Warrior,9,0,0,1,Rogue+Warrior,1,1,5.8,"(-10, -0)",Flare,5.82,,,,0,0,Team 1,26.3,1
Hunter+Rogue_vs_Rogue+Priest,0,,,1,Priest+Rogue,1,1,4.95,"(1, -1)",Flare,4.97,,,,0,0,Team 2,30.57,0
Hunter+Rogue_vs_Rogue+Priest,1,,,1,Priest+Rogue,1,1,4.95,"(1, -1)",Flare,4.97,,,,0,0,Team 1,27.88,1
Hunter+Rogue_vs_Rogue+Priest,2,,,1,Priest+Rogue,1,1,4.95,"(1, -1)",Flare,4.97,,,,0,0,Team 1,30.48,1
Hunter+Rogue_vs_Rogue+Priest,3,,,1,Priest+Rogue,1,1,4.95,"(1, -1)",Flare,4.97,,,,0,0,Team 1,30.1,1
Hunter+Rogue_vs_Rogue+Priest,4,,,1,Priest+Rogue,1,1,4.95,"(1, -1)",Flare,4.97,,,,0,0,Team 1,29.9,1
Hunter+Rogue_vs_Rogue+Priest,5,,,1,Priest+Rogue,1,1,4.95,"(1, -1)",Flare,4.97,,,,0,0,Team 1,28.38,1
Hunter+Rogue_vs_Rogue+Priest,6,,,1,Priest+Rogue,1,1,4.95,"(1, -1)",Flare,4.97,,,,0,0,Team 1,29.68,1
Hunter+Rogue_vs_Rogue+Priest,7,,,1,Priest+Rogue,1,1,4.95,"(1, -1)",Flare,4.97,,,,0,0,Team 1,27.88,1
Hunter+Rogue_vs_Rogue+Priest,8,,,1,Priest+Rogue,1,1,4.95,"(1, -1)",Flare,4.97,,,,0,0,Team 1,28.2,1
Hunter+Rogue_vs_Rogue+Priest,9,,,1,Priest+Rogue,1,1,4.95,"(1, -1)",Flare,4.97,,,,0,0,Team 1,28.92,1
Hunter+Rogue_vs_Rogue+Priest,0,0,0,1,Priest+Rogue,1,1,4.95,"(1, -1)",Flare,4.97,,,,0,0,Team 1,30.32,1
Hunter+Rogue_vs_Rogue+Priest,1,0,0,1,Priest+Rogue,1,1,4.95,"(1, -1)",Flare,4.97,,,,0,0,Team 1,29.47,1
Hunter+Rogue_vs_Rogue+Priest,2,0,0,1,Priest+Rogue,1,1,4.95,"(1, -1)",Flare,4.97,,,,0,0,Team 1,30.18,1
Hunter+Rogue_vs_Rogue+Priest,3,0,0,1,Priest+Rogue,1,1,4.95,"(1, -1)",Flare,4.97,,,,0,0,Team 1,32.27,1
Hunter+Rogue_vs_Rogue+Priest,4,0,0,1,Priest+Rogue,1,1,4.95,"(1, -1)",Flare,4.97,,,,0,0,Team 1,30.1,1
Hunter+Rogue_vs_Rogue+Priest,5,0,0,1,Priest+Rogue,1,1,4.95,"(1, -1)",Flare,4.97,,,,0,0,Team 1,34.17,1
Hunter+Rogue_vs_Rogue+Priest,6,0,0,1,Priest+Rogue,1,1,4.95,"(1, -1)",Flare,4.97,,,,0,0,Team 1,34.8,1
Hunter+Rogue_vs_Rogue+Priest,7,0,0,1,Priest+Rogue,1,1,4.95,"(1, -1)",Flare,4.97,,,,0,0,Team 1,29.07,1
Hunter+Rogue_vs_Rogue+Priest,8,0,0,1,Priest+Rogue,1,1,4.95,"(1, -1)",Flare,4.97,,,,0,0,Team 1,30.82,1
Hunter+Rogue_vs_Rogue+Priest,9,0,0,1,Priest+Rogue,1,1,4.95,"(1, -1)",Flare,4.97,,,,0,0,Team 1,29.05,1
Hunter+Rogue_vs_Rogue+Paladin,0,,,1,Paladin+Rogue,1,1,4.95,"(1, -0)",Flare,4.97,,,,0,0,Team 2,33.88,0
Hunter+Rogue_vs_Rogue+Paladin,1,,,1,Paladin+Rogue,1,1,4.95,"(1, -0)",Flare,4.97,,,,0,1,Team 1,53.15,1
Hunter+Rogue_vs_Rogue+Paladin,2,,,1,Paladin+Rogue,1,1,4.95,"(1, -0)",Flare,4.97,,,,0,0,Team 2,33.88,0
Hunter+Rogue_vs_Rogue+Paladin,3,,,1,Paladin+Rogue,1,1,4.95,"(1, -0)",Flare,4.97,,,,0,1,Team 1,54.28,1
Hunter+Rogue_vs_Rogue+Paladin,4,,,1,Paladin+Rogue,1,1,4.95,"(1, -0)",Flare,4.97,,,,0,0,Team 2,34.45,0
Hunter+Rogue_vs_Rogue+Paladin,5,,,1,Paladin+Rogue,1,1,4.95,"(1, -0)",Flare,4.97,,,,0,1,Team 1,54.47,1
Hunter+Rogue_vs_Rogue+Paladin,6,,,1,Paladin+Rogue,1,1,4.95,"(1, -0)",Flare,4.97,,,,0,1,Team 1,54.28,1
Hunter+Rogue_vs_Rogue+Paladin,7,,,1,Paladin+Rogue,1,1,4.95,"(1, -0)",Flare,4.97,,,,0,0,Team 2,32.45,0
Hunter+Rogue_vs_Rogue+Paladin,8,,,1,Paladin+Rogue,1,1,4.95,"(1, -0)",Flare,4.97,,,,0,1,Team 1,56.1,1
Hunter+Rogue_vs_Rogue+Paladin,9,,,1,Paladin+Rogue,1,1,4.95,"(1, -0)",Flare,4.97,,,,0,0,Team 2,34.45,0
Hunter+Rogue_vs_Rogue+Paladin,0,0,0,1,Paladin+Rogue,1,1,4.95,"(1, -0)",Flare,4.97,,,,1,0,Team 1,45.77,1
Hunter+Rogue_vs_Rogue+Paladin,1,0,0,1,Paladin+Rogue,1,1,4.95,"(1, -0)",Flare,4.97,,,,0,1,Team 1,49.85,1
Hunter+Rogue_vs_Rogue+Paladin,2,0,0,1,Paladin+Rogue,1,1,4.95,"(1, -0)",Flare,4.97,,,,0,1,Team 1,51.12,1
Hunter+Rogue_vs_Rogue+Paladin,3,0,0,1,Paladin+Rogue,1,1,4.95,"(1, -0)",Flare,4.97,,,,0,1,Team 1,50.28,1
Hunter+Rogue_vs_Rogue+Paladin,4,0,0,1,Paladin+Rogue,1,1,4.95,"(1, -0)",Flare,4.97,,,,0,0,Team 1,46.8,1
Hunter+Rogue_vs_Rogue+Paladin,5,0,0,1,Paladin+Rogue,1,1,4.95,"(1, -0)",Flare,4.97,,,,0,0,Team 1,52.92,1
Hunter+Rogue_vs_Rogue+Paladin,6,0,0,1,Paladin+Rogue,1,1,4.95,"(1, -0)",Flare,4.97,,,,0,1,Team 1,47.62,1
Hunter+Rogue_vs_Rogue+Paladin,7,0,0,1,Paladin+Rogue,1,1,4.95,"(1, -0)",Flare,4.97,,,,0,1,Team 1,46.98,1
Hunter+Rogue_vs_Rogue+Paladin,8,0,0,1,Paladin+Rogue,1,1,4.95,"(1, -0)",Flare,4.97,,,,0,0,Team 1,50.17,1
Hunter+Rogue_vs_Rogue+Paladin,9,0,0,1,Paladin+Rogue,1,1,4.95,"(1, -0)",Flare,4.97,,,,0,1,Team 1,32.03,1
Hunter+Rogue_vs_Rogue+Warlock,0,,,1,Rogue+Warlock,1,1,5.12,"(2, -0)",Flare,5.13,,,,0,0,Team 1,22.93,1
Hunter+Rogue_vs_Rogue+Warlock,1,,,1,Rogue+Warlock,1,1,5.12,"(2, -0)",Flare,5.13,,,,0,0,Team 1,23.85,1
Hunter+Rogue_vs_Rogue+Warlock,2,,,1,Rogue+Warlock,1,1,5.12,"(2, -0)",Flare,5.13,,,,0,0,Team 1,23.85,1
Hunter+Rogue_vs_Rogue+Warlock,3,,,1,Rogue+Warlock,1,1,5.12,"(2, -0)",Flare,5.13,,,,0,0,Team 1,26.62,1
Hunter+Rogue_vs_Rogue+Warlock,4,,,1,Rogue+Warlock,1,1,5.12,"(2, -0)",Flare,5.13,,,,0,0,Team 1,24.67,1
Hunter+Rogue_vs_Rogue+Warlock,5,,,1,Rogue+Warlock,1,1,5.12,"(2, -0)",Flare,5.13,,,,0,0,Team 1,25.58,1
Hunter+Rogue_vs_Rogue+Warlock,6,,,1,Rogue+Warlock,1,1,5.12,"(2, -0)",Flare,5.13,,,,0,0,Team 1,22.8,1
Hunter+Rogue_vs_Rogue+Warlock,7,,,1,Rogue+Warlock,1,1,5.12,"(2, -0)",Flare,5.13,,,,0,0,Team 1,24.53,1
Hunter+Rogue_vs_Rogue+Warlock,8,,,1,Rogue+Warlock,1,1,5.12,"(2, -0)",Flare,5.13,,,,0,0,Team 1,25.12,1
Hunter+Rogue_vs_Rogue+Warlock,9,,,1,Rogue+Warlock,1,1,5.12,"(2, -0)",Flare,5.13,,,,0,0,Team 1,26.63,1
Hunter+Rogue_vs_Rogue+Warlock,0,0,0,1,Rogue+Warlock,1,1,5.12,"(2, -0)",Flare,5.13,,,,0,0,Team 1,18.85,1
Hunter+Rogue_vs_Rogue+Warlock,1,0,0,1,Rogue+Warlock,1,1,5.12,"(2, -0)",Flare,5.13,,,,0,0,Team 1,18.7,1
Hunter+Rogue_vs_Rogue+Warlock,2,0,0,1,Rogue+Warlock,1,1,5.12,"(2, -0)",Flare,5.13,,,,0,0,Team 1,22.28,1
Hunter+Rogue_vs_Rogue+Warlock,3,0,0,1,Rogue+Warlock,1,1,5.12,"(2, -0)",Flare,5.13,,,,0,0,Team 1,21.7,1
Hunter+Rogue_vs_Rogue+Warlock,4,0,0,1,Rogue+Warlock,1,1,5.12,"(2, -0)",Flare,5.13,,,,0,0,Team 1,19.15,1
Hunter+Rogue_vs_Rogue+Warlock,5,0,0,1,Rogue+Warlock,1,1,5.12,"(2, -0)",Flare,5.13,,,,0,0,Team 1,21.4,1
Hunter+Rogue_vs_Rogue+Warlock,6,0,0,1,Rogue+Warlock,1,1,5.12,"(2, -0)",Flare,5.13,,,,0,0,Team 1,19.02,1
Hunter+Rogue_vs_Rogue+Warlock,7,0,0,1,Rogue+Warlock,1,1,5.12,"(2, -0)",Flare,5.13,,,,0,0,Team 1,24.2,1
Hunter+Rogue_vs_Rogue+Warlock,8,0,0,1,Rogue+Warlock,1,1,5.12,"(2, -0)",Flare,5.13,,,,0,0,Team 1,24.27,1
Hunter+Rogue_vs_Rogue+Warlock,9,0,0,1,Rogue+Warlock,1,1,5.12,"(2, -0)",Flare,5.13,,,,0,0,Team 1,24.0,1
Hunter+Rogue_vs_Rogue+Shaman,0,,,1,Rogue+Shaman,0,0,,,Freezing Trap,4.9,,,,1,0,Team 1,18.03,1
Hunter+Rogue_vs_Rogue+Shaman,1,,,1,Rogue+Shaman,0,0,,,Freezing Trap,4.9,,,,1,0,Team 1,20.9,1
Hunter+Rogue_vs_Rogue+Shaman,2,,,1,Rogue+Shaman,0,0,,,Freezing Trap,4.9,,,,1,0,Team 1,19.38,1
Hunter+Rogue_vs_Rogue+Shaman,3,,,1,Rogue+Shaman,0,0,,,Freezing Trap,4.9,,,,1,0,Team 1,20.55,1
Hunter+Rogue_vs_Rogue+Shaman,4,,,1,Rogue+Shaman,0,0,,,Freezing Trap,4.9,,,,1,0,Team 1,20.9,1
Hunter+Rogue_vs_Rogue+Shaman,5,,,1,Rogue+Shaman,0,0,,,Freezing Trap,4.9,,,,1,0,Team 1,20.98,1
Hunter+Rogue_vs_Rogue+Shaman,6,,,1,Rogue+Shaman,0,0,,,Freezing Trap,4.9,,,,1,0,Team 1,18.55,1
Hunter+Rogue_vs_Rogue+Shaman,7,,,1,Rogue+Shaman,0,0,,,Freezing Trap,4.9,,,,1,0,Team 1,20.55,1
Hunter+Rogue_vs_Rogue+Shaman,8,,,1,Rogue+Shaman,0,0,,,Freezing Trap,4.9,,,,1,0,Team 1,20.55,1
Hunter+Rogue_vs_Rogue+Shaman,9,,,1,Rogue+Shaman,0,0,,,Freezing Trap,4.9,,,,1,0,Team 1,20.98,1
Hunter+Rogue_vs_Rogue+Shaman,0,0,0,1,Rogue+Shaman,1,1,4.95,"(1, -1)",Flare,4.97,,,,0,0,Team 1,18.73,1
Hunter+Rogue_vs_Rogue+Shaman,1,0,0,1,Rogue+Shaman,1,1,4.95,"(1, -1)",Flare,4.97,,,,0,0,Team 1,18.53,1
Hunter+Rogue_vs_Rogue+Shaman,2,0,0,1,Rogue+Shaman,1,1,4.95,"(1, -1)",Flare,4.97,,,,0,0,Team 1,28.92,1
Hunter+Rogue_vs_Rogue+Shaman,3,0,0,1,Rogue+Shaman,1,1,4.95,"(1, -1)",Flare,4.97,,,,0,0,Team 1,19.85,1
Hunter+Rogue_vs_Rogue+Shaman,4,0,0,1,Rogue+Shaman,1,1,4.95,"(1, -1)",Flare,4.97,,,,0,0,Team 1,20.45,1
Hunter+Rogue_vs_Rogue+Shaman,5,0,0,1,Rogue+Shaman,1,1,4.95,"(1, -1)",Flare,4.97,,,,0,0,Team 1,20.92,1
Hunter+Rogue_vs_Rogue+Shaman,6,0,0,1,Rogue+Shaman,1,1,4.95,"(1, -1)",Flare,4.97,,,,0,0,Team 1,19.85,1
Hunter+Rogue_vs_Rogue+Shaman,7,0,0,1,Rogue+Shaman,1,1,4.95,"(1, -1)",Flare,4.97,,,,0,0,Team 1,25.95,1
Hunter+Rogue_vs_Rogue+Shaman,8,0,0,1,Rogue+Shaman,1,1,4.95,"(1, -1)",Flare,4.97,,,,0,0,Team 1,18.77,1
Hunter+Rogue_vs_Rogue+Shaman,9,0,0,1,Rogue+Shaman,1,1,4.95,"(1, -1)",Flare,4.97,,,,0,0,Team 1,18.73,1
Hunter+Rogue_vs_Rogue+Mage,0,,,1,Mage+Rogue,1,1,4.52,"(-2, -0)",Flare,4.53,,,,1,0,Team 1,24.27,1
Hunter+Rogue_vs_Rogue+Mage,1,,,1,Mage+Rogue,1,1,4.52,"(-2, -0)",Flare,4.53,,,,1,0,Team 1,22.92,1
Hunter+Rogue_vs_Rogue+Mage,2,,,1,Mage+Rogue,1,1,4.52,"(-2, -0)",Flare,4.53,,,,1,0,Team 1,26.43,1
Hunter+Rogue_vs_Rogue+Mage,3,,,1,Mage+Rogue,1,1,4.52,"(-2, -0)",Flare,4.53,,,,1,0,Team 1,26.68,1
Hunter+Rogue_vs_Rogue+Mage,4,,,1,Mage+Rogue,1,1,4.52,"(-2, -0)",Flare,4.53,,,,1,0,Team 1,25.42,1
Hunter+Rogue_vs_Rogue+Mage,5,,,1,Mage+Rogue,1,1,4.52,"(-2, -0)",Flare,4.53,,,,1,0,Team 1,27.02,1
Hunter+Rogue_vs_Rogue+Mage,6,,,1,Mage+Rogue,1,1,4.52,"(-2, -0)",Flare,4.53,,,,1,0,Team 1,24.43,1
Hunter+Rogue_vs_Rogue+Mage,7,,,1,Mage+Rogue,1,1,4.52,"(-2, -0)",Flare,4.53,,,,1,0,Team 1,25.48,1
Hunter+Rogue_vs_Rogue+Mage,8,,,1,Mage+Rogue,1,1,4.52,"(-2, -0)",Flare,4.53,,,,1,0,Team 1,24.43,1
Hunter+Rogue_vs_Rogue+Mage,9,,,1,Mage+Rogue,1,1,4.52,"(-2, -0)",Flare,4.53,,,,1,0,Team 1,29.02,1
Hunter+Rogue_vs_Rogue+Mage,0,0,0,1,Mage+Rogue,1,1,4.52,"(-2, -0)",Flare,4.53,,,,0,0,Team 2,24.43,0
Hunter+Rogue_vs_Rogue+Mage,1,0,0,1,Mage+Rogue,1,1,4.52,"(-2, -0)",Flare,4.53,,,,0,0,Team 2,25.22,0
Hunter+Rogue_vs_Rogue+Mage,2,0,0,1,Mage+Rogue,1,1,4.52,"(-2, -0)",Flare,4.53,,,,0,0,Team 2,27.25,0
Hunter+Rogue_vs_Rogue+Mage,3,0,0,1,Mage+Rogue,1,1,4.52,"(-2, -0)",Flare,4.53,,,,0,0,Team 2,19.47,0
Hunter+Rogue_vs_Rogue+Mage,4,0,0,1,Mage+Rogue,1,1,4.52,"(-2, -0)",Flare,4.53,,,,0,0,Team 2,28.45,0
Hunter+Rogue_vs_Rogue+Mage,5,0,0,1,Mage+Rogue,1,1,4.52,"(-2, -0)",Flare,4.53,,,,0,0,Team 2,27.93,0
Hunter+Rogue_vs_Rogue+Mage,6,0,0,1,Mage+Rogue,1,1,4.52,"(-2, -0)",Flare,4.53,,,,0,0,Team 2,27.47,0
Hunter+Rogue_vs_Rogue+Mage,7,0,0,1,Mage+Rogue,1,1,4.52,"(-2, -0)",Flare,4.53,,,,0,0,Team 2,16.8,0
Hunter+Rogue_vs_Rogue+Mage,8,0,0,1,Mage+Rogue,1,1,4.52,"(-2, -0)",Flare,4.53,,,,0,0,Team 2,28.45,0
Hunter+Rogue_vs_Rogue+Mage,9,0,0,1,Mage+Rogue,1,1,4.52,"(-2, -0)",Flare,4.53,,,,0,0,Team 2,26.32,0
Hunter+Rogue_vs_Rogue+Warrior,0,,,1,Rogue+Warrior,1,1,4.95,"(1, -0)",Flare,4.97,,,,0,1,Team 1,16.53,1
Hunter+Rogue_vs_Rogue+Warrior,1,,,1,Rogue+Warrior,1,1,4.95,"(1, -0)",Flare,4.97,,,,0,1,Team 1,19.18,1
Hunter+Rogue_vs_Rogue+Warrior,2,,,1,Rogue+Warrior,1,1,4.95,"(1, -0)",Flare,4.97,,,,0,1,Team 1,17.27,1
Hunter+Rogue_vs_Rogue+Warrior,3,,,1,Rogue+Warrior,1,1,4.95,"(1, -0)",Flare,4.97,,,,0,1,Team 1,19.5,1
Hunter+Rogue_vs_Rogue+Warrior,4,,,1,Rogue+Warrior,1,1,4.95,"(1, -0)",Flare,4.97,,,,0,1,Team 1,18.08,1
Hunter+Rogue_vs_Rogue+Warrior,5,,,1,Rogue+Warrior,1,1,4.95,"(1, -0)",Flare,4.97,,,,0,1,Team 1,18.03,1
Hunter+Rogue_vs_Rogue+Warrior,6,,,1,Rogue+Warrior,1,1,4.95,"(1, -0)",Flare,4.97,,,,0,1,Team 1,18.7,1
Hunter+Rogue_vs_Rogue+Warrior,7,,,1,Rogue+Warrior,1,1,4.95,"(1, -0)",Flare,4.97,,,,0,1,Team 1,19.58,1
Hunter+Rogue_vs_Rogue+Warrior,8,,,1,Rogue+Warrior,1,1,4.95,"(1, -0)",Flare,4.97,,,,0,1,Team 1,16.28,1
Hunter+Rogue_vs_Rogue+Warrior,9,,,1,Rogue+Warrior,1,1,4.95,"(1, -0)",Flare,4.97,,,,0,1,Team 1,18.03,1
Hunter+Rogue_vs_Rogue+Warrior,0,0,0,1,Rogue+Warrior,1,1,4.95,"(1, -0)",Flare,4.97,,,,0,0,Team 1,24.08,1
Hunter+Rogue_vs_Rogue+Warrior,1,0,0,1,Rogue+Warrior,1,1,4.95,"(1, -0)",Flare,4.97,,,,0,0,Team 1,24.68,1
Hunter+Rogue_vs_Rogue+Warrior,2,0,0,1,Rogue+Warrior,1,1,4.95,"(1, -0)",Flare,4.97,,,,0,0,Team 1,23.12,1
Hunter+Rogue_vs_Rogue+Warrior,3,0,0,1,Rogue+Warrior,1,1,4.95,"(1, -0)",Flare,4.97,,,,0,0,Team 1,24.08,1
Hunter+Rogue_vs_Rogue+Warrior,4,0,0,1,Rogue+Warrior,1,1,4.95,"(1, -0)",Flare,4.97,,,,0,0,Team 1,22.58,1
Hunter+Rogue_vs_Rogue+Warrior,5,0,0,1,Rogue+Warrior,1,1,4.95,"(1, -0)",Flare,4.97,,,,0,0,Team 1,24.28,1
Hunter+Rogue_vs_Rogue+Warrior,6,0,0,1,Rogue+Warrior,1,1,4.95,"(1, -0)",Flare,4.97,,,,0,0,Team 1,26.15,1
Hunter+Rogue_vs_Rogue+Warrior,7,0,0,1,Rogue+Warrior,1,1,4.95,"(1, -0)",Flare,4.97,,,,0,0,Team 1,23.12,1
Hunter+Rogue_vs_Rogue+Warrior,8,0,0,1,Rogue+Warrior,1,1,4.95,"(1, -0)",Flare,4.97,,,,0,0,Team 1,25.4,1
Hunter+Rogue_vs_Rogue+Warrior,9,0,0,1,Rogue+Warrior,1,1,4.95,"(1, -0)",Flare,4.97,,,,0,0,Team 1,23.83,1
Hunter_vs_Rogue,0,,,1,Rogue,1,1,4.95,"(-5, -1)",Flare,4.97,,,,1,0,Team 1,24.85,1
Rogue_vs_Hunter,0,,,2,Rogue,1,1,4.95,"(5, -1)",Flare,4.97,,,,1,0,Team 2,24.85,1
Hunter_vs_Rogue,1,,,1,Rogue,1,1,4.95,"(-5, -1)",Flare,4.97,,,,1,0,Team 1,24.85,1
Rogue_vs_Hunter,1,,,2,Rogue,1,1,4.95,"(5, -1)",Flare,4.97,,,,1,0,Team 2,24.85,1
Hunter_vs_Rogue,2,,,1,Rogue,1,1,4.95,"(-5, -1)",Flare,4.97,,,,1,0,Team 1,24.85,1
Rogue_vs_Hunter,2,,,2,Rogue,1,1,4.95,"(5, -1)",Flare,4.97,,,,1,0,Team 2,24.85,1
Hunter_vs_Rogue,3,,,1,Rogue,1,1,4.95,"(-5, -1)",Flare,4.97,,,,1,0,Team 1,23.67,1
Rogue_vs_Hunter,3,,,2,Rogue,1,1,4.95,"(5, -1)",Flare,4.97,,,,1,0,Team 2,23.67,1
Hunter_vs_Rogue,4,,,1,Rogue,1,1,4.95,"(-5, -1)",Flare,4.97,,,,1,0,Team 1,24.85,1
Rogue_vs_Hunter,4,,,2,Rogue,1,1,4.95,"(5, -1)",Flare,4.97,,,,1,0,Team 2,24.85,1
Hunter_vs_Rogue,5,,,1,Rogue,1,1,4.95,"(-5, -1)",Flare,4.97,,,,1,0,Team 1,24.85,1
Rogue_vs_Hunter,5,,,2,Rogue,1,1,4.95,"(5, -1)",Flare,4.97,,,,1,0,Team 2,24.85,1
Hunter_vs_Rogue,6,,,1,Rogue,1,1,4.95,"(-5, -1)",Flare,4.97,,,,1,0,Team 1,24.85,1
Rogue_vs_Hunter,6,,,2,Rogue,1,1,4.95,"(5, -1)",Flare,4.97,,,,1,0,Team 2,24.85,1
Hunter_vs_Rogue,7,,,1,Rogue,1,1,4.95,"(-5, -1)",Flare,4.97,,,,1,0,Team 1,24.85,1
Rogue_vs_Hunter,7,,,2,Rogue,1,1,4.95,"(5, -1)",Flare,4.97,,,,1,0,Team 2,24.85,1
Hunter_vs_Rogue,8,,,1,Rogue,1,1,4.95,"(-5, -1)",Flare,4.97,,,,1,0,Team 1,24.85,1
Rogue_vs_Hunter,8,,,2,Rogue,1,1,4.95,"(5, -1)",Flare,4.97,,,,1,0,Team 2,24.85,1
Hunter_vs_Rogue,9,,,1,Rogue,1,1,4.95,"(-5, -1)",Flare,4.97,,,,1,0,Team 1,24.85,1
Rogue_vs_Hunter,9,,,2,Rogue,1,1,4.95,"(5, -1)",Flare,4.97,,,,1,0,Team 2,24.85,1
Hunter_vs_Rogue,10,,,1,Rogue,1,1,4.95,"(-5, -1)",Flare,4.97,,,,1,0,Team 1,24.85,1
Rogue_vs_Hunter,10,,,2,Rogue,1,1,4.95,"(5, -1)",Flare,4.97,,,,1,0,Team 2,24.85,1
Hunter_vs_Rogue,11,,,1,Rogue,1,1,4.95,"(-5, -1)",Flare,4.97,,,,1,0,Team 1,24.85,1
Rogue_vs_Hunter,11,,,2,Rogue,1,1,4.95,"(5, -1)",Flare,4.97,,,,1,0,Team 2,24.85,1
Hunter_vs_Rogue,12,,,1,Rogue,1,1,4.95,"(-5, -1)",Flare,4.97,,,,1,0,Team 1,24.85,1
Rogue_vs_Hunter,12,,,2,Rogue,1,1,4.95,"(5, -1)",Flare,4.97,,,,1,0,Team 2,24.85,1
Hunter_vs_Rogue,13,,,1,Rogue,1,1,4.95,"(-5, -1)",Flare,4.97,,,,1,0,Team 1,24.85,1
Rogue_vs_Hunter,13,,,2,Rogue,1,1,4.95,"(5, -1)",Flare,4.97,,,,1,0,Team 2,24.85,1
Hunter_vs_Rogue,14,,,1,Rogue,1,1,4.95,"(-5, -1)",Flare,4.97,,,,1,0,Team 1,24.85,1
Rogue_vs_Hunter,14,,,2,Rogue,1,1,4.95,"(5, -1)",Flare,4.97,,,,1,0,Team 2,24.85,1
Hunter_vs_Rogue,15,,,1,Rogue,1,1,4.95,"(-5, -1)",Flare,4.97,,,,1,0,Team 1,24.85,1
Rogue_vs_Hunter,15,,,2,Rogue,1,1,4.95,"(5, -1)",Flare,4.97,,,,1,0,Team 2,24.85,1
Hunter_vs_Rogue,16,,,1,Rogue,1,1,4.95,"(-5, -1)",Flare,4.97,,,,1,0,Team 1,24.85,1
Rogue_vs_Hunter,16,,,2,Rogue,1,1,4.95,"(5, -1)",Flare,4.97,,,,1,0,Team 2,24.85,1
Hunter_vs_Rogue,17,,,1,Rogue,1,1,4.95,"(-5, -1)",Flare,4.97,,,,1,0,Team 1,24.85,1
Rogue_vs_Hunter,17,,,2,Rogue,1,1,4.95,"(5, -1)",Flare,4.97,,,,1,0,Team 2,24.85,1
Hunter_vs_Rogue,18,,,1,Rogue,1,1,4.95,"(-5, -1)",Flare,4.97,,,,1,0,Team 1,24.85,1
Rogue_vs_Hunter,18,,,2,Rogue,1,1,4.95,"(5, -1)",Flare,4.97,,,,1,0,Team 2,24.85,1
Hunter_vs_Rogue,19,,,1,Rogue,1,1,4.95,"(-5, -1)",Flare,4.97,,,,1,0,Team 1,24.85,1
Rogue_vs_Hunter,19,,,2,Rogue,1,1,4.95,"(5, -1)",Flare,4.97,,,,1,0,Team 2,24.85,1
