arm,kill_target,comp,seed,casts,triggers,chosen,winner,first_cast_after_gates
before,,hp_v_rogp,0,1,1,1,Team 2,-0.02
before,,hp_v_rogp,1,1,1,1,Team 2,-0.02
before,,hp_v_rogp,2,1,1,1,Team 2,-0.02
before,,hp_v_rogp,3,1,1,1,Team 2,-0.02
before,,hp_v_rogp,4,1,1,1,Team 2,-0.02
before,,hp_v_rogp,5,1,1,1,Team 2,-0.02
before,,hp_v_rogp,6,1,1,1,Team 2,-0.02
before,,hp_v_rogp,7,1,1,1,Team 2,-0.02
before,,hp_v_rogp,8,1,1,1,Team 1,-0.02
before,,hp_v_rogp,9,1,1,1,Team 2,-0.02
before,,hp_v_rogp,10,1,1,1,Team 2,-0.02
before,,hp_v_rogp,11,1,1,1,Team 2,-0.02
before,,hp_v_rogp,12,1,1,1,Team 2,-0.02
before,,hp_v_rogp,13,1,1,1,Team 2,-0.02
before,,hp_v_rogp,14,1,1,1,Team 2,-0.02
before,,hp_v_rogp,15,1,1,1,Team 2,-0.02
before,,hp_v_rogp,16,1,1,1,Team 2,-0.02
before,,hp_v_rogp,17,1,1,1,Team 2,-0.02
before,,hp_v_rogp,18,1,1,1,Team 2,-0.02
before,,hp_v_rogp,19,1,1,1,Team 2,-0.02
before,,hp_v_warp,0,0,0,0,Team 1,
before,,hp_v_warp,1,0,0,0,Team 1,
before,,hp_v_warp,2,0,0,0,Team 1,
before,,hp_v_warp,3,1,1,1,Team 1,44.93
before,,hp_v_warp,4,1,1,1,Team 2,9.48
before,,hp_v_warp,5,0,0,0,Team 1,
before,,hp_v_warp,6,0,0,0,Team 1,
before,,hp_v_warp,7,0,0,0,Team 1,
before,,hp_v_warp,8,0,0,0,Team 1,
before,,hp_v_warp,9,0,0,0,Team 1,
before,,hp_v_warp,10,0,0,0,Team 1,
before,,hp_v_warp,11,0,0,0,Team 1,
before,,hp_v_warp,12,0,0,0,Team 1,
before,,hp_v_warp,13,0,0,0,Team 1,
before,,hp_v_warp,14,1,0,1,Team 1,52.02
before,,hp_v_warp,15,0,0,0,Team 1,
before,,hp_v_warp,16,0,0,0,Team 1,
before,,hp_v_warp,17,0,0,0,Team 1,
before,,hp_v_warp,18,0,0,0,Team 1,
before,,hp_v_warp,19,0,0,0,Team 1,
before,,hp_v_magp,0,0,0,0,Team 2,
before,,hp_v_magp,1,0,0,0,Team 2,
before,,hp_v_magp,2,0,0,0,Team 2,
before,,hp_v_magp,3,0,0,0,Team 2,
before,,hp_v_magp,4,0,0,0,Team 2,
before,,hp_v_magp,5,0,0,0,Team 2,
before,,hp_v_magp,6,0,0,0,Team 2,
before,,hp_v_magp,7,0,0,0,Team 2,
before,,hp_v_magp,8,0,0,0,Team 2,
before,,hp_v_magp,9,0,0,0,Team 2,
before,,hp_v_magp,10,0,0,0,Team 2,
before,,hp_v_magp,11,0,0,0,Team 2,
before,,hp_v_magp,12,0,0,0,Team 2,
before,,hp_v_magp,13,0,0,0,Team 2,
before,,hp_v_magp,14,0,0,0,Team 2,
before,,hp_v_magp,15,0,0,0,Team 2,
before,,hp_v_magp,16,0,0,0,Team 2,
before,,hp_v_magp,17,0,0,0,Team 2,
before,,hp_v_magp,18,0,0,0,Team 2,
before,,hp_v_magp,19,0,0,0,Team 2,
before,,hp_v_wlkp,0,0,0,0,Team 2,
before,,hp_v_wlkp,1,0,0,0,Team 1,
before,,hp_v_wlkp,2,0,0,0,Team 2,
before,,hp_v_wlkp,3,0,0,0,Team 2,
before,,hp_v_wlkp,4,0,0,0,Team 2,
before,,hp_v_wlkp,5,0,0,0,Team 2,
before,,hp_v_wlkp,6,0,0,0,Team 2,
before,,hp_v_wlkp,7,0,0,0,Team 2,
before,,hp_v_wlkp,8,0,0,0,Team 2,
before,,hp_v_wlkp,9,0,0,0,Team 2,
before,,hp_v_wlkp,10,0,0,0,Team 2,
before,,hp_v_wlkp,11,0,0,0,Team 2,
before,,hp_v_wlkp,12,0,0,0,Team 2,
before,,hp_v_wlkp,13,0,0,0,Team 2,
before,,hp_v_wlkp,14,0,0,0,Team 2,
before,,hp_v_wlkp,15,0,0,0,Team 2,
before,,hp_v_wlkp,16,0,0,0,Team 1,
before,,hp_v_wlkp,17,0,0,0,Team 2,
before,,hp_v_wlkp,18,0,0,0,Team 2,
before,,hp_v_wlkp,19,0,0,0,Team 1,
before,,hp_v_wlkpal,0,0,0,0,Team 2,
before,,hp_v_wlkpal,1,0,0,0,Team 2,
before,,hp_v_wlkpal,2,0,0,0,Team 2,
before,,hp_v_wlkpal,3,0,0,0,Team 2,
before,,hp_v_wlkpal,4,0,0,0,Team 2,
before,,hp_v_wlkpal,5,0,0,0,Team 2,
before,,hp_v_wlkpal,6,0,0,0,Team 2,
before,,hp_v_wlkpal,7,0,0,0,Team 2,
before,,hp_v_wlkpal,8,0,0,0,Team 2,
before,,hp_v_wlkpal,9,0,0,0,Team 2,
before,,hp_v_wlkpal,10,0,0,0,Team 2,
before,,hp_v_wlkpal,11,0,0,0,Team 2,
before,,hp_v_wlkpal,12,0,0,0,Team 2,
before,,hp_v_wlkpal,13,0,0,0,Team 2,
before,,hp_v_wlkpal,14,0,0,0,Team 2,
before,,hp_v_wlkpal,15,0,0,0,Team 2,
before,,hp_v_wlkpal,16,0,0,0,Team 2,
before,,hp_v_wlkpal,17,0,0,0,Team 2,
before,,hp_v_wlkpal,18,0,0,0,Team 2,
before,,hp_v_wlkpal,19,0,0,0,Team 1,
before,,hp_v_palwar,0,1,1,1,Team 2,6.45
before,,hp_v_palwar,1,1,1,1,Team 2,6.45
before,,hp_v_palwar,2,1,1,1,Team 2,6.45
before,,hp_v_palwar,3,1,1,1,Team 2,6.45
before,,hp_v_palwar,4,1,1,1,Team 2,6.45
before,,hp_v_palwar,5,1,1,1,Team 2,6.45
before,,hp_v_palwar,6,1,1,1,Team 2,6.45
before,,hp_v_palwar,7,1,1,1,Team 2,6.45
before,,hp_v_palwar,8,1,1,1,Team 2,6.45
before,,hp_v_palwar,9,1,1,1,Team 2,6.45
before,,hp_v_palwar,10,1,1,1,Team 2,6.45
before,,hp_v_palwar,11,1,1,1,Team 2,6.45
before,,hp_v_palwar,12,1,1,1,Team 2,6.45
before,,hp_v_palwar,13,1,1,1,Team 2,6.45
before,,hp_v_palwar,14,1,1,1,Team 2,6.45
before,,hp_v_palwar,15,1,1,1,Team 2,6.45
before,,hp_v_palwar,16,1,1,1,Team 2,6.45
before,,hp_v_palwar,17,1,1,1,Team 2,6.45
before,,hp_v_palwar,18,1,1,1,Team 2,6.45
before,,hp_v_palwar,19,1,1,1,Team 2,6.45
before,,hp_v_rogwar,0,1,1,1,Team 1,-0.02
before,,hp_v_rogwar,1,1,1,1,Team 1,-0.02
before,,hp_v_rogwar,2,1,1,1,Team 1,-0.02
before,,hp_v_rogwar,3,1,1,1,Team 1,-0.02
before,,hp_v_rogwar,4,1,1,1,Team 1,-0.02
before,,hp_v_rogwar,5,1,1,1,Team 1,-0.02
before,,hp_v_rogwar,6,1,1,1,Team 1,-0.02
before,,hp_v_rogwar,7,1,1,1,Team 1,-0.02
before,,hp_v_rogwar,8,1,1,1,Team 1,-0.02
before,,hp_v_rogwar,9,1,1,1,Team 1,-0.02
before,,hp_v_rogwar,10,1,1,1,Team 1,-0.02
before,,hp_v_rogwar,11,1,1,1,Team 1,-0.02
before,,hp_v_rogwar,12,1,1,1,Team 1,-0.02
before,,hp_v_rogwar,13,1,1,1,Team 1,-0.02
before,,hp_v_rogwar,14,1,1,1,Team 1,-0.02
before,,hp_v_rogwar,15,1,1,1,Team 1,-0.02
before,,hp_v_rogwar,16,1,1,1,Team 1,-0.02
before,,hp_v_rogwar,17,1,1,1,Team 1,-0.02
before,,hp_v_rogwar,18,1,1,1,Team 1,-0.02
before,,hp_v_rogwar,19,1,1,1,Team 1,-0.02
before,,hp_v_prpal,0,1,1,1,Team 1,10.5
before,,hp_v_prpal,1,1,1,1,Team 1,17.37
before,,hp_v_prpal,2,1,1,1,Team 1,17.77
before,,hp_v_prpal,3,1,1,1,Team 1,17.37
before,,hp_v_prpal,4,1,1,1,Team 1,17.37
before,,hp_v_prpal,5,1,1,1,Team 1,17.37
before,,hp_v_prpal,6,1,1,1,Team 1,10.5
before,,hp_v_prpal,7,1,1,1,Team 1,17.37
before,,hp_v_prpal,8,1,1,1,Team 1,17.37
before,,hp_v_prpal,9,1,1,1,Team 1,17.37
before,,hp_v_prpal,10,1,1,1,Team 1,17.37
before,,hp_v_prpal,11,1,1,1,Team 1,17.37
before,,hp_v_prpal,12,1,1,1,Team 1,17.37
before,,hp_v_prpal,13,1,1,1,Team 1,17.37
before,,hp_v_prpal,14,1,1,1,Team 1,17.37
before,,hp_v_prpal,15,1,1,1,Team 1,17.37
before,,hp_v_prpal,16,1,1,1,Team 1,17.37
before,,hp_v_prpal,17,1,1,1,Team 1,17.37
before,,hp_v_prpal,18,1,1,1,Team 1,17.37
before,,hp_v_prpal,19,1,1,1,Team 1,17.37
before,,hp_v_wlkrog,0,2,2,2,Team 1,-0.02
before,,hp_v_wlkrog,1,2,2,2,Team 1,-0.02
before,,hp_v_wlkrog,2,2,2,2,Team 1,-0.02
before,,hp_v_wlkrog,3,1,1,1,Team 1,-0.02
before,,hp_v_wlkrog,4,2,2,2,Team 1,-0.02
before,,hp_v_wlkrog,5,2,2,2,Team 1,-0.02
before,,hp_v_wlkrog,6,2,2,2,Team 1,-0.02
before,,hp_v_wlkrog,7,2,2,2,Team 1,-0.02
before,,hp_v_wlkrog,8,2,2,2,Team 1,-0.02
before,,hp_v_wlkrog,9,2,2,2,Team 1,-0.02
before,,hp_v_wlkrog,10,2,2,2,Team 1,-0.02
before,,hp_v_wlkrog,11,2,2,2,Team 1,-0.02
before,,hp_v_wlkrog,12,2,2,2,Team 1,-0.02
before,,hp_v_wlkrog,13,2,2,2,Team 1,-0.02
before,,hp_v_wlkrog,14,2,2,2,Team 1,-0.02
before,,hp_v_wlkrog,15,2,2,2,Team 1,-0.02
before,,hp_v_wlkrog,16,2,2,2,Team 1,-0.02
before,,hp_v_wlkrog,17,2,2,2,Team 1,-0.02
before,,hp_v_wlkrog,18,1,1,1,Team 1,-0.02
before,,hp_v_wlkrog,19,2,2,2,Team 1,-0.02
before,,hp_v_shrog,0,1,1,1,Team 2,-0.02
before,,hp_v_shrog,1,1,1,1,Team 2,-0.02
before,,hp_v_shrog,2,1,1,1,Team 2,-0.02
before,,hp_v_shrog,3,1,1,1,Team 2,-0.02
before,,hp_v_shrog,4,1,1,1,Team 2,-0.02
before,,hp_v_shrog,5,1,1,1,Team 2,-0.02
before,,hp_v_shrog,6,1,1,1,Team 2,-0.02
before,,hp_v_shrog,7,1,1,1,Team 2,-0.02
before,,hp_v_shrog,8,1,1,1,Team 2,-0.02
before,,hp_v_shrog,9,1,1,1,Team 2,-0.02
before,,hp_v_shrog,10,1,1,1,Team 2,-0.02
before,,hp_v_shrog,11,1,1,1,Team 2,-0.02
before,,hp_v_shrog,12,1,1,1,Team 2,-0.02
before,,hp_v_shrog,13,2,2,2,Team 2,-0.02
before,,hp_v_shrog,14,1,1,1,Team 2,-0.02
before,,hp_v_shrog,15,1,1,1,Team 2,-0.02
before,,hp_v_shrog,16,1,1,1,Team 2,-0.02
before,,hp_v_shrog,17,1,1,1,Team 2,-0.02
before,,hp_v_shrog,18,2,2,2,Team 2,-0.02
before,,hp_v_shrog,19,1,1,1,Team 2,-0.02
before,,hw_v_rogp,0,1,1,1,Team 2,-0.02
before,,hw_v_rogp,1,1,1,1,Team 2,-0.02
before,,hw_v_rogp,2,1,1,1,Team 2,-0.02
before,,hw_v_rogp,3,1,1,1,Team 2,-0.02
before,,hw_v_rogp,4,1,1,1,Team 2,-0.02
before,,hw_v_rogp,5,1,1,1,Team 2,-0.02
before,,hw_v_rogp,6,1,1,1,Team 2,-0.02
before,,hw_v_rogp,7,1,1,1,Team 2,-0.02
before,,hw_v_rogp,8,1,1,1,Team 2,-0.02
before,,hw_v_rogp,9,1,1,1,Team 2,-0.02
before,,hw_v_rogp,10,1,1,1,Team 2,-0.02
before,,hw_v_rogp,11,1,1,1,Team 2,-0.02
before,,hw_v_rogp,12,1,1,1,Team 2,-0.02
before,,hw_v_rogp,13,1,1,1,Team 2,-0.02
before,,hw_v_rogp,14,1,1,1,Team 2,-0.02
before,,hw_v_rogp,15,1,1,1,Team 2,-0.02
before,,hw_v_rogp,16,1,1,1,Team 2,-0.02
before,,hw_v_rogp,17,1,1,1,Team 2,-0.02
before,,hw_v_rogp,18,1,1,1,Team 2,-0.02
before,,hw_v_rogp,19,1,1,1,Team 2,-0.02
before,,hpw_v_mpr,0,1,1,1,Team 2,-0.02
before,,hpw_v_mpr,1,1,1,1,Team 2,-0.02
before,,hpw_v_mpr,2,1,1,1,Team 1,-0.02
before,,hpw_v_mpr,3,1,1,1,Team 2,-0.02
before,,hpw_v_mpr,4,1,1,1,Team 2,-0.02
before,,hpw_v_mpr,5,1,1,1,Team 2,-0.02
before,,hpw_v_mpr,6,1,1,1,Team 1,-0.02
before,,hpw_v_mpr,7,1,1,1,Team 2,-0.02
before,,hpw_v_mpr,8,1,1,1,Team 2,-0.02
before,,hpw_v_mpr,9,1,1,1,Team 2,-0.02
before,,hpw_v_mpr,10,1,1,1,Team 2,-0.02
before,,hpw_v_mpr,11,1,1,1,Team 2,-0.02
before,,hpw_v_mpr,12,1,1,1,Team 2,-0.02
before,,hpw_v_mpr,13,1,1,1,Team 2,-0.02
before,,hpw_v_mpr,14,1,1,1,Team 1,-0.02
before,,hpw_v_mpr,15,1,1,1,Team 2,-0.02
before,,hpw_v_mpr,16,1,1,1,Team 2,-0.02
before,,hpw_v_mpr,17,1,1,1,Team 2,-0.02
before,,hpw_v_mpr,18,1,1,1,Team 2,-0.02
before,,hpw_v_mpr,19,1,1,1,Team 2,-0.02
before,,hpw_v_wpr,0,1,1,1,Team 2,-0.02
before,,hpw_v_wpr,1,1,1,1,Team 2,-0.02
before,,hpw_v_wpr,2,1,1,1,Team 2,-0.02
before,,hpw_v_wpr,3,1,1,1,Team 2,-0.02
before,,hpw_v_wpr,4,1,1,1,Team 2,-0.02
before,,hpw_v_wpr,5,1,1,1,Team 2,-0.02
before,,hpw_v_wpr,6,1,1,1,Team 2,-0.02
before,,hpw_v_wpr,7,1,1,1,Team 2,-0.02
before,,hpw_v_wpr,8,1,1,1,Team 2,-0.02
before,,hpw_v_wpr,9,1,1,1,Team 2,-0.02
before,,hpw_v_wpr,10,1,1,1,Team 2,-0.02
before,,hpw_v_wpr,11,1,1,1,Team 2,-0.02
before,,hpw_v_wpr,12,1,1,1,Team 2,-0.02
before,,hpw_v_wpr,13,1,1,1,Team 1,-0.02
before,,hpw_v_wpr,14,1,1,1,Team 2,-0.02
before,,hpw_v_wpr,15,1,1,1,Team 1,-0.02
before,,hpw_v_wpr,16,1,1,1,Team 2,-0.02
before,,hpw_v_wpr,17,1,1,1,Team 2,-0.02
before,,hpw_v_wpr,18,1,1,1,Team 2,-0.02
before,,hpw_v_wpr,19,1,1,1,Team 2,-0.02
before,,hp_v_rogpal,0,1,1,1,Team 2,-0.02
before,,hp_v_rogpal,1,1,1,1,Team 2,-0.02
before,,hp_v_rogpal,2,1,1,1,Team 2,-0.02
before,,hp_v_rogpal,3,1,1,1,Team 2,-0.02
before,,hp_v_rogpal,4,1,1,1,Team 2,-0.02
before,,hp_v_rogpal,5,1,1,1,Team 2,-0.02
before,,hp_v_rogpal,6,1,1,1,Team 2,-0.02
before,,hp_v_rogpal,7,1,1,1,Team 2,-0.02
before,,hp_v_rogpal,8,1,1,1,Team 2,-0.02
before,,hp_v_rogpal,9,1,1,1,Team 2,-0.02
before,,hp_v_rogpal,10,1,1,1,Team 2,-0.02
before,,hp_v_rogpal,11,1,1,1,Team 2,-0.02
before,,hp_v_rogpal,12,1,1,1,Team 2,-0.02
before,,hp_v_rogpal,13,1,1,1,Team 2,-0.02
before,,hp_v_rogpal,14,1,1,1,Team 2,-0.02
before,,hp_v_rogpal,15,1,1,1,Team 2,-0.02
before,,hp_v_rogpal,16,1,1,1,Team 2,-0.02
before,,hp_v_rogpal,17,1,1,1,Team 2,-0.02
before,,hp_v_rogpal,18,1,1,1,Team 2,-0.02
before,,hp_v_rogpal,19,1,1,1,Team 2,-0.02
before,,hp_v_warsh,0,1,0,1,Team 1,41.52
before,,hp_v_warsh,1,1,0,1,Team 1,40.0
before,,hp_v_warsh,2,1,0,1,Team 1,40.0
before,,hp_v_warsh,3,1,0,1,Team 1,41.52
before,,hp_v_warsh,4,1,0,1,Team 1,35.5
before,,hp_v_warsh,5,1,0,1,Team 1,38.15
before,,hp_v_warsh,6,1,0,1,Team 1,41.57
before,,hp_v_warsh,7,0,0,0,Team 1,
before,,hp_v_warsh,8,1,0,1,Team 1,40.67
before,,hp_v_warsh,9,1,0,1,Team 1,35.58
before,,hp_v_warsh,10,1,0,1,Team 1,41.52
before,,hp_v_warsh,11,1,0,1,Team 1,36.05
before,,hp_v_warsh,12,1,0,1,Team 1,38.15
before,,hp_v_warsh,13,1,0,1,Team 1,37.75
before,,hp_v_warsh,14,1,0,1,Team 1,40.67
before,,hp_v_warsh,15,1,0,1,Team 1,41.52
before,,hp_v_warsh,16,1,0,1,Team 1,40.67
before,,hp_v_warsh,17,1,0,1,Team 1,35.58
before,,hp_v_warsh,18,1,0,1,Team 1,41.52
before,,hp_v_warsh,19,0,0,0,Team 1,
before,,hw_v_warp,0,1,1,1,Team 1,-0.02
before,,hw_v_warp,1,1,1,1,Team 1,-0.02
before,,hw_v_warp,2,1,1,1,Team 1,-0.02
before,,hw_v_warp,3,1,1,1,Team 1,-0.02
before,,hw_v_warp,4,1,1,1,Team 1,-0.02
before,,hw_v_warp,5,1,1,1,Team 1,-0.02
before,,hw_v_warp,6,1,1,1,Team 1,-0.02
before,,hw_v_warp,7,1,1,1,Team 1,-0.02
before,,hw_v_warp,8,1,1,1,Team 1,-0.02
before,,hw_v_warp,9,1,1,1,Team 1,-0.02
before,,hw_v_warp,10,1,1,1,Team 1,-0.02
before,,hw_v_warp,11,1,1,1,Team 1,-0.02
before,,hw_v_warp,12,1,1,1,Team 1,-0.02
before,,hw_v_warp,13,1,1,1,Team 1,-0.02
before,,hw_v_warp,14,1,1,1,Team 1,-0.02
before,,hw_v_warp,15,1,1,1,Team 1,-0.02
before,,hw_v_warp,16,1,1,1,Team 1,-0.02
before,,hw_v_warp,17,1,1,1,Team 1,-0.02
before,,hw_v_warp,18,1,1,1,Team 1,-0.02
before,,hw_v_warp,19,1,1,1,Team 1,-0.02
before,,hm_v_rogp,0,1,1,1,Team 2,-0.02
before,,hm_v_rogp,1,1,1,1,Team 2,-0.02
before,,hm_v_rogp,2,1,1,1,Team 2,-0.02
before,,hm_v_rogp,3,1,1,1,Team 2,-0.02
before,,hm_v_rogp,4,1,1,1,Team 1,-0.02
before,,hm_v_rogp,5,1,1,1,Team 2,-0.02
before,,hm_v_rogp,6,1,1,1,Team 2,-0.02
before,,hm_v_rogp,7,1,1,1,Team 2,-0.02
before,,hm_v_rogp,8,1,1,1,Team 2,-0.02
before,,hm_v_rogp,9,1,1,1,Team 2,-0.02
before,,hm_v_rogp,10,1,1,1,Team 2,-0.02
before,,hm_v_rogp,11,1,1,1,Team 1,-0.02
before,,hm_v_rogp,12,1,1,1,Team 1,-0.02
before,,hm_v_rogp,13,1,1,1,Team 2,-0.02
before,,hm_v_rogp,14,1,1,1,Team 2,-0.02
before,,hm_v_rogp,15,1,1,1,Team 2,-0.02
before,,hm_v_rogp,16,1,1,1,Team 2,-0.02
before,,hm_v_rogp,17,1,1,1,Team 2,-0.02
before,,hm_v_rogp,18,1,1,1,Team 2,-0.02
before,,hm_v_rogp,19,1,1,1,Team 2,-0.02
before,,hwl_v_rogp,0,1,1,1,Team 2,-0.02
before,,hwl_v_rogp,1,1,1,1,Team 2,-0.02
before,,hwl_v_rogp,2,1,1,1,Team 2,-0.02
before,,hwl_v_rogp,3,1,1,1,Team 2,-0.02
before,,hwl_v_rogp,4,1,1,1,Team 1,-0.02
before,,hwl_v_rogp,5,1,1,1,Team 2,-0.02
before,,hwl_v_rogp,6,1,1,1,Team 2,-0.02
before,,hwl_v_rogp,7,1,1,1,Team 2,-0.02
before,,hwl_v_rogp,8,1,1,1,Team 2,-0.02
before,,hwl_v_rogp,9,1,1,1,Team 2,-0.02
before,,hwl_v_rogp,10,1,1,1,Team 2,-0.02
before,,hwl_v_rogp,11,1,1,1,Team 2,-0.02
before,,hwl_v_rogp,12,1,1,1,Team 2,-0.02
before,,hwl_v_rogp,13,1,1,1,Team 2,-0.02
before,,hwl_v_rogp,14,1,1,1,Team 2,-0.02
before,,hwl_v_rogp,15,1,1,1,Team 2,-0.02
before,,hwl_v_rogp,16,1,1,1,Team 2,-0.02
before,,hwl_v_rogp,17,1,1,1,Team 2,-0.02
before,,hwl_v_rogp,18,1,1,1,Team 2,-0.02
before,,hwl_v_rogp,19,1,1,1,Team 2,-0.02
before,,hr_v_rogp,0,1,1,1,Team 2,-0.02
before,,hr_v_rogp,1,1,1,1,Team 1,-0.02
before,,hr_v_rogp,2,1,1,1,Team 1,-0.02
before,,hr_v_rogp,3,1,1,1,Team 1,-0.02
before,,hr_v_rogp,4,1,1,1,Team 1,-0.02
before,,hr_v_rogp,5,1,1,1,Team 1,-0.02
before,,hr_v_rogp,6,1,1,1,Team 2,-0.02
before,,hr_v_rogp,7,1,1,1,Team 1,-0.02
before,,hr_v_rogp,8,1,1,1,Team 2,-0.02
before,,hr_v_rogp,9,1,1,1,Team 2,-0.02
before,,hr_v_rogp,10,1,1,1,Team 2,-0.02
before,,hr_v_rogp,11,1,1,1,Team 1,-0.02
before,,hr_v_rogp,12,1,1,1,DRAW,-0.02
before,,hr_v_rogp,13,1,1,1,Team 1,-0.02
before,,hr_v_rogp,14,1,1,1,Team 1,-0.02
before,,hr_v_rogp,15,1,1,1,Team 1,-0.02
before,,hr_v_rogp,16,1,1,1,Team 1,-0.02
before,,hr_v_rogp,17,1,1,1,Team 2,-0.02
before,,hr_v_rogp,18,1,1,1,Team 1,-0.02
before,,hr_v_rogp,19,1,1,1,Team 1,-0.02
before,,hpal_v_rogp,0,1,1,1,Team 2,-0.02
before,,hpal_v_rogp,1,1,1,1,Team 2,-0.02
before,,hpal_v_rogp,2,1,1,1,Team 2,-0.02
before,,hpal_v_rogp,3,1,1,1,Team 2,-0.02
before,,hpal_v_rogp,4,1,1,1,Team 1,-0.02
before,,hpal_v_rogp,5,1,1,1,Team 2,-0.02
before,,hpal_v_rogp,6,1,1,1,Team 2,-0.02
before,,hpal_v_rogp,7,1,1,1,Team 2,-0.02
before,,hpal_v_rogp,8,1,1,1,Team 2,-0.02
before,,hpal_v_rogp,9,1,1,1,Team 2,-0.02
before,,hpal_v_rogp,10,1,1,1,Team 2,-0.02
before,,hpal_v_rogp,11,1,1,1,Team 2,-0.02
before,,hpal_v_rogp,12,1,1,1,Team 1,-0.02
before,,hpal_v_rogp,13,1,1,1,Team 2,-0.02
before,,hpal_v_rogp,14,1,1,1,Team 2,-0.02
before,,hpal_v_rogp,15,1,1,1,Team 2,-0.02
before,,hpal_v_rogp,16,1,1,1,Team 2,-0.02
before,,hpal_v_rogp,17,1,1,1,Team 2,-0.02
before,,hpal_v_rogp,18,1,1,1,Team 2,-0.02
before,,hpal_v_rogp,19,1,1,1,Team 2,-0.02
before,,ph_v_rogp,0,2,1,2,Team 2,-0.02
before,,ph_v_rogp,1,2,1,2,Team 2,-0.02
before,,ph_v_rogp,2,2,1,2,Team 1,-0.02
before,,ph_v_rogp,3,2,2,2,Team 2,-0.02
before,,ph_v_rogp,4,2,1,2,Team 1,-0.02
before,,ph_v_rogp,5,1,1,1,Team 2,-0.02
before,,ph_v_rogp,6,2,1,2,Team 1,-0.02
before,,ph_v_rogp,7,2,2,2,Team 1,-0.02
before,,ph_v_rogp,8,2,2,2,Team 2,-0.02
before,,ph_v_rogp,9,2,1,2,Team 1,-0.02
before,,ph_v_rogp,10,2,2,2,Team 1,-0.02
before,,ph_v_rogp,11,1,1,1,Team 2,-0.02
before,,ph_v_rogp,12,2,1,2,Team 1,-0.02
before,,ph_v_rogp,13,2,2,2,Team 2,-0.02
before,,ph_v_rogp,14,1,1,1,Team 2,-0.02
before,,ph_v_rogp,15,2,1,2,Team 1,-0.02
before,,ph_v_rogp,16,2,2,2,Team 2,-0.02
before,,ph_v_rogp,17,2,1,2,Team 2,-0.02
before,,ph_v_rogp,18,2,2,2,Team 2,-0.02
before,,ph_v_rogp,19,2,1,2,Team 2,-0.02
before,,wh_v_rogp,0,1,1,1,Team 1,-0.02
before,,wh_v_rogp,1,1,1,1,Team 1,-0.02
before,,wh_v_rogp,2,1,1,1,Team 1,-0.02
before,,wh_v_rogp,3,1,1,1,Team 1,-0.02
before,,wh_v_rogp,4,1,1,1,Team 1,-0.02
before,,wh_v_rogp,5,1,1,1,Team 1,-0.02
before,,wh_v_rogp,6,1,1,1,Team 1,-0.02
before,,wh_v_rogp,7,1,1,1,Team 1,-0.02
before,,wh_v_rogp,8,1,1,1,Team 1,-0.02
before,,wh_v_rogp,9,1,1,1,Team 1,-0.02
before,,wh_v_rogp,10,1,1,1,Team 1,-0.02
before,,wh_v_rogp,11,1,1,1,Team 1,-0.02
before,,wh_v_rogp,12,1,1,1,Team 1,-0.02
before,,wh_v_rogp,13,1,1,1,Team 1,-0.02
before,,wh_v_rogp,14,1,1,1,Team 1,-0.02
before,,wh_v_rogp,15,1,1,1,Team 1,-0.02
before,,wh_v_rogp,16,1,1,1,Team 1,-0.02
before,,wh_v_rogp,17,1,1,1,Team 1,-0.02
before,,wh_v_rogp,18,1,1,1,Team 1,-0.02
before,,wh_v_rogp,19,1,1,1,Team 1,-0.02
before,,palh_v_rogp,0,2,2,2,Team 2,-0.02
before,,palh_v_rogp,1,2,2,2,Team 1,-0.02
before,,palh_v_rogp,2,2,2,2,Team 1,-0.02
before,,palh_v_rogp,3,2,2,2,Team 2,-0.02
before,,palh_v_rogp,4,2,2,2,Team 1,-0.02
before,,palh_v_rogp,5,2,2,2,Team 2,-0.02
before,,palh_v_rogp,6,3,3,3,Team 1,-0.02
before,,palh_v_rogp,7,2,2,2,Team 1,-0.02
before,,palh_v_rogp,8,2,2,2,Team 2,-0.02
before,,palh_v_rogp,9,2,2,2,Team 1,-0.02
before,,palh_v_rogp,10,2,2,2,Team 2,-0.02
before,,palh_v_rogp,11,2,2,2,Team 1,-0.02
before,,palh_v_rogp,12,2,2,2,Team 2,-0.02
before,,palh_v_rogp,13,2,2,2,Team 1,-0.02
before,,palh_v_rogp,14,2,2,2,Team 2,-0.02
before,,palh_v_rogp,15,2,2,2,Team 2,-0.02
before,,palh_v_rogp,16,2,2,2,Team 1,-0.02
before,,palh_v_rogp,17,2,2,2,Team 1,-0.02
before,,palh_v_rogp,18,2,2,2,Team 2,-0.02
before,,palh_v_rogp,19,2,2,2,Team 1,-0.02
before,,h_v_war,0,1,1,1,Team 1,-0.02
before,,h_v_war,1,1,1,1,Team 1,-0.02
before,,h_v_war,2,1,1,1,Team 1,-0.02
before,,h_v_war,3,1,1,1,Team 1,-0.02
before,,h_v_war,4,1,1,1,Team 1,-0.02
before,,h_v_war,5,1,1,1,Team 1,-0.02
before,,h_v_war,6,1,1,1,Team 1,-0.02
before,,h_v_war,7,1,1,1,Team 1,-0.02
before,,h_v_war,8,1,1,1,Team 1,-0.02
before,,h_v_war,9,1,1,1,Team 1,-0.02
before,,h_v_war,10,1,1,1,Team 1,-0.02
before,,h_v_war,11,1,1,1,Team 1,-0.02
before,,h_v_war,12,1,1,1,Team 1,-0.02
before,,h_v_war,13,1,1,1,Team 1,-0.02
before,,h_v_war,14,1,1,1,Team 1,-0.02
before,,h_v_war,15,1,1,1,Team 1,-0.02
before,,h_v_war,16,1,1,1,Team 1,-0.02
before,,h_v_war,17,1,1,1,Team 1,-0.02
before,,h_v_war,18,1,1,1,Team 1,-0.02
before,,h_v_war,19,1,1,1,Team 1,-0.02
before,,h_v_rog,0,0,0,0,Team 2,
before,,h_v_rog,1,0,0,0,Team 2,
before,,h_v_rog,2,0,0,0,Team 2,
before,,h_v_rog,3,0,0,0,Team 2,
before,,h_v_rog,4,0,0,0,Team 2,
before,,h_v_rog,5,0,0,0,Team 2,
before,,h_v_rog,6,0,0,0,Team 2,
before,,h_v_rog,7,0,0,0,Team 2,
before,,h_v_rog,8,0,0,0,Team 2,
before,,h_v_rog,9,0,0,0,Team 2,
before,,h_v_rog,10,0,0,0,Team 2,
before,,h_v_rog,11,1,0,1,Team 1,30.7
before,,h_v_rog,12,0,0,0,Team 2,
before,,h_v_rog,13,0,0,0,Team 2,
before,,h_v_rog,14,0,0,0,Team 2,
before,,h_v_rog,15,0,0,0,Team 1,
before,,h_v_rog,16,0,0,0,Team 2,
before,,h_v_rog,17,1,0,1,Team 1,30.7
before,,h_v_rog,18,0,0,0,Team 2,
before,,h_v_rog,19,0,0,0,Team 2,
before,,h_v_pri,0,1,0,1,Team 1,-0.02
before,,h_v_pri,1,1,0,1,Team 1,-0.02
before,,h_v_pri,2,1,0,1,Team 2,-0.02
before,,h_v_pri,3,1,0,1,Team 1,-0.02
before,,h_v_pri,4,1,0,1,Team 1,-0.02
before,,h_v_pri,5,1,0,1,Team 1,-0.02
before,,h_v_pri,6,1,0,1,Team 1,-0.02
before,,h_v_pri,7,1,0,1,Team 1,-0.02
before,,h_v_pri,8,1,0,1,Team 2,-0.02
before,,h_v_pri,9,1,0,1,Team 2,-0.02
before,,h_v_pri,10,1,0,1,Team 1,-0.02
before,,h_v_pri,11,1,0,1,Team 1,-0.02
before,,h_v_pri,12,1,0,1,Team 1,-0.02
before,,h_v_pri,13,1,0,1,Team 1,-0.02
before,,h_v_pri,14,1,0,1,Team 1,-0.02
before,,h_v_pri,15,1,0,1,Team 1,-0.02
before,,h_v_pri,16,1,0,1,Team 1,-0.02
before,,h_v_pri,17,1,1,1,Team 1,-0.02
before,,h_v_pri,18,1,0,1,Team 1,-0.02
before,,h_v_pri,19,1,0,1,Team 1,-0.02
before,,h_v_wlk,0,1,1,1,Team 1,-0.02
before,,h_v_wlk,1,1,1,1,Team 2,-0.02
before,,h_v_wlk,2,1,1,1,Team 1,-0.02
before,,h_v_wlk,3,1,1,1,Team 1,-0.02
before,,h_v_wlk,4,1,1,1,Team 1,-0.02
before,,h_v_wlk,5,1,1,1,Team 1,-0.02
before,,h_v_wlk,6,1,1,1,Team 1,-0.02
before,,h_v_wlk,7,1,1,1,Team 1,-0.02
before,,h_v_wlk,8,1,1,1,Team 1,-0.02
before,,h_v_wlk,9,1,1,1,Team 1,-0.02
before,,h_v_wlk,10,1,1,1,Team 1,-0.02
before,,h_v_wlk,11,1,1,1,Team 2,-0.02
before,,h_v_wlk,12,1,1,1,Team 1,-0.02
before,,h_v_wlk,13,1,1,1,Team 1,-0.02
before,,h_v_wlk,14,1,1,1,Team 1,-0.02
before,,h_v_wlk,15,1,1,1,Team 2,-0.02
before,,h_v_wlk,16,1,1,1,Team 1,-0.02
before,,h_v_wlk,17,1,1,1,Team 2,-0.02
before,,h_v_wlk,18,1,1,1,Team 1,-0.02
before,,h_v_wlk,19,1,1,1,Team 1,-0.02
before,0,hp_v_rogp,0,2,1,2,Team 1,-0.02
before,0,hp_v_rogp,1,1,1,1,Team 1,-0.02
before,0,hp_v_rogp,2,2,1,2,Team 1,-0.02
before,0,hp_v_rogp,3,1,1,1,Team 1,-0.02
before,0,hp_v_rogp,4,2,1,2,Team 1,-0.02
before,0,hp_v_rogp,5,1,1,1,Team 1,-0.02
before,0,hp_v_rogp,6,2,1,2,Team 1,-0.02
before,0,hp_v_rogp,7,2,1,2,Team 1,-0.02
before,0,hp_v_rogp,8,1,1,1,Team 1,-0.02
before,0,hp_v_rogp,9,1,1,1,Team 1,-0.02
before,0,hp_v_rogp,10,2,1,2,Team 1,-0.02
before,0,hp_v_rogp,11,2,1,2,Team 1,-0.02
before,0,hp_v_rogp,12,1,1,1,Team 1,-0.02
before,0,hp_v_rogp,13,2,1,2,Team 1,-0.02
before,0,hp_v_rogp,14,2,1,2,Team 1,-0.02
before,0,hp_v_rogp,15,1,1,1,Team 1,-0.02
before,0,hp_v_rogp,16,2,1,2,Team 1,-0.02
before,0,hp_v_rogp,17,2,1,2,Team 1,-0.02
before,0,hp_v_rogp,18,1,1,1,Team 1,-0.02
before,0,hp_v_rogp,19,1,1,1,Team 1,-0.02
before,0,hp_v_warp,0,0,0,0,Team 2,
before,0,hp_v_warp,1,0,0,0,Team 2,
before,0,hp_v_warp,2,0,0,0,Team 2,
before,0,hp_v_warp,3,0,0,0,Team 2,
before,0,hp_v_warp,4,0,0,0,Team 2,
before,0,hp_v_warp,5,0,0,0,Team 2,
before,0,hp_v_warp,6,0,0,0,Team 2,
before,0,hp_v_warp,7,0,0,0,Team 2,
before,0,hp_v_warp,8,0,0,0,Team 2,
before,0,hp_v_warp,9,0,0,0,Team 2,
before,0,hp_v_warp,10,0,0,0,Team 2,
before,0,hp_v_warp,11,0,0,0,Team 2,
before,0,hp_v_warp,12,0,0,0,Team 2,
before,0,hp_v_warp,13,0,0,0,Team 2,
before,0,hp_v_warp,14,0,0,0,Team 2,
before,0,hp_v_warp,15,0,0,0,Team 2,
before,0,hp_v_warp,16,0,0,0,Team 2,
before,0,hp_v_warp,17,0,0,0,Team 2,
before,0,hp_v_warp,18,0,0,0,Team 2,
before,0,hp_v_warp,19,0,0,0,Team 2,
before,0,hp_v_magp,0,0,0,0,Team 2,
before,0,hp_v_magp,1,0,0,0,Team 2,
before,0,hp_v_magp,2,0,0,0,Team 2,
before,0,hp_v_magp,3,0,0,0,Team 2,
before,0,hp_v_magp,4,0,0,0,Team 2,
before,0,hp_v_magp,5,0,0,0,Team 2,
before,0,hp_v_magp,6,0,0,0,Team 2,
before,0,hp_v_magp,7,0,0,0,Team 2,
before,0,hp_v_magp,8,0,0,0,Team 2,
before,0,hp_v_magp,9,0,0,0,Team 2,
before,0,hp_v_magp,10,0,0,0,Team 2,
before,0,hp_v_magp,11,0,0,0,Team 2,
before,0,hp_v_magp,12,0,0,0,Team 2,
before,0,hp_v_magp,13,0,0,0,Team 2,
before,0,hp_v_magp,14,0,0,0,Team 2,
before,0,hp_v_magp,15,0,0,0,Team 2,
before,0,hp_v_magp,16,0,0,0,Team 2,
before,0,hp_v_magp,17,0,0,0,Team 2,
before,0,hp_v_magp,18,0,0,0,Team 2,
before,0,hp_v_magp,19,0,0,0,Team 2,
before,0,hp_v_wlkp,0,0,0,0,Team 2,
before,0,hp_v_wlkp,1,0,0,0,Team 2,
before,0,hp_v_wlkp,2,0,0,0,Team 2,
before,0,hp_v_wlkp,3,0,0,0,Team 2,
before,0,hp_v_wlkp,4,0,0,0,Team 2,
before,0,hp_v_wlkp,5,0,0,0,Team 2,
before,0,hp_v_wlkp,6,0,0,0,Team 2,
before,0,hp_v_wlkp,7,0,0,0,Team 2,
before,0,hp_v_wlkp,8,0,0,0,Team 2,
before,0,hp_v_wlkp,9,0,0,0,Team 2,
before,0,hp_v_wlkp,10,0,0,0,Team 2,
before,0,hp_v_wlkp,11,0,0,0,Team 2,
before,0,hp_v_wlkp,12,0,0,0,Team 2,
before,0,hp_v_wlkp,13,0,0,0,Team 2,
before,0,hp_v_wlkp,14,0,0,0,Team 2,
before,0,hp_v_wlkp,15,0,0,0,Team 2,
before,0,hp_v_wlkp,16,0,0,0,Team 2,
before,0,hp_v_wlkp,17,0,0,0,Team 2,
before,0,hp_v_wlkp,18,0,0,0,Team 2,
before,0,hp_v_wlkp,19,0,0,0,Team 2,
before,0,hp_v_wlkpal,0,0,0,0,Team 2,
before,0,hp_v_wlkpal,1,0,0,0,Team 2,
before,0,hp_v_wlkpal,2,0,0,0,Team 2,
before,0,hp_v_wlkpal,3,0,0,0,Team 2,
before,0,hp_v_wlkpal,4,0,0,0,Team 2,
before,0,hp_v_wlkpal,5,0,0,0,Team 2,
before,0,hp_v_wlkpal,6,0,0,0,Team 2,
before,0,hp_v_wlkpal,7,0,0,0,Team 2,
before,0,hp_v_wlkpal,8,0,0,0,Team 2,
before,0,hp_v_wlkpal,9,0,0,0,Team 2,
before,0,hp_v_wlkpal,10,0,0,0,Team 2,
before,0,hp_v_wlkpal,11,1,1,1,Team 2,20.68
before,0,hp_v_wlkpal,12,0,0,0,Team 2,
before,0,hp_v_wlkpal,13,0,0,0,Team 2,
before,0,hp_v_wlkpal,14,0,0,0,Team 2,
before,0,hp_v_wlkpal,15,0,0,0,Team 2,
before,0,hp_v_wlkpal,16,0,0,0,Team 2,
before,0,hp_v_wlkpal,17,0,0,0,Team 2,
before,0,hp_v_wlkpal,18,0,0,0,Team 2,
before,0,hp_v_wlkpal,19,0,0,0,Team 2,
before,0,hp_v_palwar,0,1,0,1,Team 1,48.67
before,0,hp_v_palwar,1,0,0,0,Team 1,
before,0,hp_v_palwar,2,0,0,0,Team 1,
before,0,hp_v_palwar,3,1,0,1,Team 1,48.67
before,0,hp_v_palwar,4,0,0,0,Team 1,
before,0,hp_v_palwar,5,0,0,0,Team 1,
before,0,hp_v_palwar,6,0,0,0,Team 1,
before,0,hp_v_palwar,7,0,0,0,Team 1,
before,0,hp_v_palwar,8,0,0,0,Team 1,
before,0,hp_v_palwar,9,0,0,0,Team 1,
before,0,hp_v_palwar,10,0,0,0,Team 1,
before,0,hp_v_palwar,11,0,0,0,Team 1,
before,0,hp_v_palwar,12,0,0,0,Team 1,
before,0,hp_v_palwar,13,0,0,0,Team 1,
before,0,hp_v_palwar,14,0,0,0,Team 1,
before,0,hp_v_palwar,15,0,0,0,Team 1,
before,0,hp_v_palwar,16,0,0,0,Team 1,
before,0,hp_v_palwar,17,0,0,0,Team 1,
before,0,hp_v_palwar,18,0,0,0,Team 1,
before,0,hp_v_palwar,19,0,0,0,Team 1,
before,0,hp_v_rogwar,0,1,1,1,Team 1,-0.02
before,0,hp_v_rogwar,1,1,1,1,Team 1,-0.02
before,0,hp_v_rogwar,2,1,1,1,Team 1,-0.02
before,0,hp_v_rogwar,3,1,1,1,Team 1,-0.02
before,0,hp_v_rogwar,4,1,1,1,Team 1,-0.02
before,0,hp_v_rogwar,5,1,1,1,Team 1,-0.02
before,0,hp_v_rogwar,6,1,1,1,Team 1,-0.02
before,0,hp_v_rogwar,7,1,1,1,Team 1,-0.02
before,0,hp_v_rogwar,8,1,1,1,Team 1,-0.02
before,0,hp_v_rogwar,9,1,1,1,Team 1,-0.02
before,0,hp_v_rogwar,10,1,1,1,Team 1,-0.02
before,0,hp_v_rogwar,11,1,1,1,Team 1,-0.02
before,0,hp_v_rogwar,12,1,1,1,Team 1,-0.02
before,0,hp_v_rogwar,13,1,1,1,Team 1,-0.02
before,0,hp_v_rogwar,14,1,1,1,Team 1,-0.02
before,0,hp_v_rogwar,15,1,1,1,Team 1,-0.02
before,0,hp_v_rogwar,16,1,1,1,Team 1,-0.02
before,0,hp_v_rogwar,17,1,1,1,Team 1,-0.02
before,0,hp_v_rogwar,18,1,1,1,Team 1,-0.02
before,0,hp_v_rogwar,19,1,1,1,Team 1,-0.02
before,0,hp_v_prpal,0,2,2,2,Team 1,6.47
before,0,hp_v_prpal,1,2,2,2,Team 1,6.47
before,0,hp_v_prpal,2,1,1,1,Team 1,6.47
before,0,hp_v_prpal,3,2,2,2,Team 1,6.47
before,0,hp_v_prpal,4,2,2,2,Team 1,6.47
before,0,hp_v_prpal,5,2,2,2,Team 1,6.47
before,0,hp_v_prpal,6,2,2,2,Team 1,6.47
before,0,hp_v_prpal,7,2,2,2,Team 1,6.47
before,0,hp_v_prpal,8,2,2,2,Team 1,6.47
before,0,hp_v_prpal,9,2,2,2,Team 1,6.47
before,0,hp_v_prpal,10,2,2,2,Team 1,6.47
before,0,hp_v_prpal,11,2,2,2,Team 1,6.47
before,0,hp_v_prpal,12,2,2,2,Team 1,6.47
before,0,hp_v_prpal,13,2,2,2,Team 1,6.47
before,0,hp_v_prpal,14,2,2,2,Team 1,6.47
before,0,hp_v_prpal,15,2,2,2,Team 1,6.47
before,0,hp_v_prpal,16,2,2,2,Team 1,6.47
before,0,hp_v_prpal,17,2,2,2,Team 1,6.47
before,0,hp_v_prpal,18,2,2,2,Team 1,6.47
before,0,hp_v_prpal,19,2,2,2,Team 1,6.47
before,0,hp_v_wlkrog,0,1,1,1,Team 2,-0.02
before,0,hp_v_wlkrog,1,1,1,1,Team 2,-0.02
before,0,hp_v_wlkrog,2,1,1,1,Team 2,-0.02
before,0,hp_v_wlkrog,3,1,1,1,Team 1,-0.02
before,0,hp_v_wlkrog,4,1,1,1,Team 1,-0.02
before,0,hp_v_wlkrog,5,1,1,1,Team 2,-0.02
before,0,hp_v_wlkrog,6,1,1,1,Team 1,-0.02
before,0,hp_v_wlkrog,7,1,1,1,Team 2,-0.02
before,0,hp_v_wlkrog,8,1,1,1,Team 2,-0.02
before,0,hp_v_wlkrog,9,1,1,1,Team 1,-0.02
before,0,hp_v_wlkrog,10,1,1,1,Team 2,-0.02
before,0,hp_v_wlkrog,11,1,1,1,Team 2,-0.02
before,0,hp_v_wlkrog,12,1,1,1,Team 2,-0.02
before,0,hp_v_wlkrog,13,1,1,1,Team 1,-0.02
before,0,hp_v_wlkrog,14,1,1,1,Team 2,-0.02
before,0,hp_v_wlkrog,15,1,1,1,Team 1,-0.02
before,0,hp_v_wlkrog,16,1,1,1,Team 1,-0.02
before,0,hp_v_wlkrog,17,2,1,2,Team 1,-0.02
before,0,hp_v_wlkrog,18,1,1,1,Team 2,-0.02
before,0,hp_v_wlkrog,19,1,1,1,Team 1,-0.02
before,0,hp_v_shrog,0,1,1,1,Team 2,-0.02
before,0,hp_v_shrog,1,1,1,1,Team 2,-0.02
before,0,hp_v_shrog,2,1,1,1,Team 2,-0.02
before,0,hp_v_shrog,3,1,1,1,Team 2,-0.02
before,0,hp_v_shrog,4,1,1,1,Team 2,-0.02
before,0,hp_v_shrog,5,1,1,1,Team 2,-0.02
before,0,hp_v_shrog,6,1,1,1,Team 2,-0.02
before,0,hp_v_shrog,7,1,1,1,Team 2,-0.02
before,0,hp_v_shrog,8,1,1,1,Team 2,-0.02
before,0,hp_v_shrog,9,1,1,1,Team 2,-0.02
before,0,hp_v_shrog,10,1,1,1,Team 2,-0.02
before,0,hp_v_shrog,11,1,1,1,Team 2,-0.02
before,0,hp_v_shrog,12,1,1,1,Team 2,-0.02
before,0,hp_v_shrog,13,1,1,1,Team 2,-0.02
before,0,hp_v_shrog,14,1,1,1,Team 2,-0.02
before,0,hp_v_shrog,15,1,1,1,Team 2,-0.02
before,0,hp_v_shrog,16,1,1,1,Team 2,-0.02
before,0,hp_v_shrog,17,1,1,1,Team 2,-0.02
before,0,hp_v_shrog,18,1,1,1,Team 2,-0.02
before,0,hp_v_shrog,19,1,1,1,Team 2,-0.02
before,0,hw_v_rogp,0,1,1,1,Team 1,-0.02
before,0,hw_v_rogp,1,1,1,1,Team 1,-0.02
before,0,hw_v_rogp,2,1,1,1,Team 1,-0.02
before,0,hw_v_rogp,3,1,1,1,Team 1,-0.02
before,0,hw_v_rogp,4,1,1,1,Team 1,-0.02
before,0,hw_v_rogp,5,1,1,1,Team 1,-0.02
before,0,hw_v_rogp,6,1,1,1,Team 1,-0.02
before,0,hw_v_rogp,7,1,1,1,Team 1,-0.02
before,0,hw_v_rogp,8,1,1,1,Team 1,-0.02
before,0,hw_v_rogp,9,1,1,1,Team 1,-0.02
before,0,hw_v_rogp,10,1,1,1,Team 1,-0.02
before,0,hw_v_rogp,11,1,1,1,Team 1,-0.02
before,0,hw_v_rogp,12,1,1,1,Team 1,-0.02
before,0,hw_v_rogp,13,1,1,1,Team 1,-0.02
before,0,hw_v_rogp,14,1,1,1,Team 1,-0.02
before,0,hw_v_rogp,15,1,1,1,Team 1,-0.02
before,0,hw_v_rogp,16,1,1,1,Team 1,-0.02
before,0,hw_v_rogp,17,1,1,1,Team 1,-0.02
before,0,hw_v_rogp,18,1,1,1,Team 1,-0.02
before,0,hw_v_rogp,19,1,1,1,Team 1,-0.02
before,0,hpw_v_mpr,0,0,0,0,Team 2,
before,0,hpw_v_mpr,1,0,0,0,Team 2,
before,0,hpw_v_mpr,2,0,0,0,Team 2,
before,0,hpw_v_mpr,3,0,0,0,Team 1,
before,0,hpw_v_mpr,4,0,0,0,Team 2,
before,0,hpw_v_mpr,5,0,0,0,Team 1,
before,0,hpw_v_mpr,6,0,0,0,Team 1,
before,0,hpw_v_mpr,7,0,0,0,Team 1,
before,0,hpw_v_mpr,8,0,0,0,Team 1,
before,0,hpw_v_mpr,9,0,0,0,Team 2,
before,0,hpw_v_mpr,10,0,0,0,Team 2,
before,0,hpw_v_mpr,11,0,0,0,Team 2,
before,0,hpw_v_mpr,12,0,0,0,Team 1,
before,0,hpw_v_mpr,13,0,0,0,Team 2,
before,0,hpw_v_mpr,14,0,0,0,Team 2,
before,0,hpw_v_mpr,15,0,0,0,Team 2,
before,0,hpw_v_mpr,16,0,0,0,Team 2,
before,0,hpw_v_mpr,17,0,0,0,Team 2,
before,0,hpw_v_mpr,18,0,0,0,Team 2,
before,0,hpw_v_mpr,19,0,0,0,Team 1,
before,0,hpw_v_wpr,0,0,0,0,Team 1,
before,0,hpw_v_wpr,1,0,0,0,Team 1,
before,0,hpw_v_wpr,2,0,0,0,Team 1,
before,0,hpw_v_wpr,3,0,0,0,Team 1,
before,0,hpw_v_wpr,4,0,0,0,Team 1,
before,0,hpw_v_wpr,5,0,0,0,Team 1,
before,0,hpw_v_wpr,6,0,0,0,Team 1,
before,0,hpw_v_wpr,7,0,0,0,Team 1,
before,0,hpw_v_wpr,8,0,0,0,Team 1,
before,0,hpw_v_wpr,9,0,0,0,Team 2,
before,0,hpw_v_wpr,10,0,0,0,Team 1,
before,0,hpw_v_wpr,11,0,0,0,Team 1,
before,0,hpw_v_wpr,12,0,0,0,Team 1,
before,0,hpw_v_wpr,13,0,0,0,Team 1,
before,0,hpw_v_wpr,14,0,0,0,Team 1,
before,0,hpw_v_wpr,15,0,0,0,Team 1,
before,0,hpw_v_wpr,16,0,0,0,Team 1,
before,0,hpw_v_wpr,17,0,0,0,Team 1,
before,0,hpw_v_wpr,18,0,0,0,Team 1,
before,0,hpw_v_wpr,19,0,0,0,Team 1,
before,0,hp_v_rogpal,0,1,1,1,Team 1,-0.02
before,0,hp_v_rogpal,1,1,1,1,Team 1,-0.02
before,0,hp_v_rogpal,2,1,1,1,Team 1,-0.02
before,0,hp_v_rogpal,3,1,1,1,Team 1,-0.02
before,0,hp_v_rogpal,4,1,1,1,Team 1,-0.02
before,0,hp_v_rogpal,5,1,1,1,Team 1,-0.02
before,0,hp_v_rogpal,6,1,1,1,Team 1,-0.02
before,0,hp_v_rogpal,7,1,1,1,Team 1,-0.02
before,0,hp_v_rogpal,8,1,1,1,Team 1,-0.02
before,0,hp_v_rogpal,9,1,1,1,Team 1,-0.02
before,0,hp_v_rogpal,10,1,1,1,Team 1,-0.02
before,0,hp_v_rogpal,11,1,1,1,Team 1,-0.02
before,0,hp_v_rogpal,12,1,1,1,Team 1,-0.02
before,0,hp_v_rogpal,13,1,1,1,Team 1,-0.02
before,0,hp_v_rogpal,14,1,1,1,Team 1,-0.02
before,0,hp_v_rogpal,15,1,1,1,Team 1,-0.02
before,0,hp_v_rogpal,16,1,1,1,Team 1,-0.02
before,0,hp_v_rogpal,17,1,1,1,Team 1,-0.02
before,0,hp_v_rogpal,18,1,1,1,Team 1,-0.02
before,0,hp_v_rogpal,19,1,1,1,Team 1,-0.02
before,0,hp_v_warsh,0,1,0,1,Team 1,29.5
before,0,hp_v_warsh,1,1,0,1,Team 1,30.93
before,0,hp_v_warsh,2,1,0,1,Team 1,29.5
before,0,hp_v_warsh,3,1,0,1,Team 1,35.5
before,0,hp_v_warsh,4,1,0,1,Team 1,33.1
before,0,hp_v_warsh,5,1,0,1,Team 1,37.58
before,0,hp_v_warsh,6,1,0,1,Team 1,31.63
before,0,hp_v_warsh,7,1,0,1,Team 1,29.65
before,0,hp_v_warsh,8,1,0,1,Team 1,36.53
before,0,hp_v_warsh,9,0,0,0,Team 2,
before,0,hp_v_warsh,10,1,0,1,Team 1,31.6
before,0,hp_v_warsh,11,1,0,1,Team 1,35.5
before,0,hp_v_warsh,12,0,0,0,Team 1,
before,0,hp_v_warsh,13,1,0,1,Team 1,36.73
before,0,hp_v_warsh,14,1,0,1,Team 1,31.08
before,0,hp_v_warsh,15,1,0,1,Team 1,35.5
before,0,hp_v_warsh,16,0,0,0,Team 1,
before,0,hp_v_warsh,17,1,0,1,Team 1,35.95
before,0,hp_v_warsh,18,1,0,1,Team 1,34.98
before,0,hp_v_warsh,19,1,0,1,Team 1,34.38
before,0,hw_v_warp,0,0,0,0,Team 2,
before,0,hw_v_warp,1,0,0,0,Team 2,
before,0,hw_v_warp,2,0,0,0,Team 2,
before,0,hw_v_warp,3,0,0,0,Team 2,
before,0,hw_v_warp,4,1,0,1,Team 1,39.98
before,0,hw_v_warp,5,0,0,0,Team 2,
before,0,hw_v_warp,6,0,0,0,Team 2,
before,0,hw_v_warp,7,0,0,0,Team 2,
before,0,hw_v_warp,8,0,0,0,Team 2,
before,0,hw_v_warp,9,0,0,0,Team 2,
before,0,hw_v_warp,10,0,0,0,Team 2,
before,0,hw_v_warp,11,0,0,0,Team 2,
before,0,hw_v_warp,12,0,0,0,Team 2,
before,0,hw_v_warp,13,0,0,0,Team 2,
before,0,hw_v_warp,14,0,0,0,Team 2,
before,0,hw_v_warp,15,0,0,0,Team 2,
before,0,hw_v_warp,16,0,0,0,Team 2,
before,0,hw_v_warp,17,0,0,0,Team 2,
before,0,hw_v_warp,18,0,0,0,Team 2,
before,0,hw_v_warp,19,0,0,0,Team 2,
before,0,hm_v_rogp,0,1,1,1,Team 1,-0.02
before,0,hm_v_rogp,1,1,1,1,Team 1,-0.02
before,0,hm_v_rogp,2,1,1,1,Team 1,-0.02
before,0,hm_v_rogp,3,1,1,1,Team 1,-0.02
before,0,hm_v_rogp,4,1,1,1,Team 1,-0.02
before,0,hm_v_rogp,5,1,1,1,Team 1,-0.02
before,0,hm_v_rogp,6,1,1,1,Team 1,-0.02
before,0,hm_v_rogp,7,1,1,1,Team 1,-0.02
before,0,hm_v_rogp,8,1,1,1,Team 1,-0.02
before,0,hm_v_rogp,9,2,1,2,Team 1,-0.02
before,0,hm_v_rogp,10,2,1,2,Team 1,-0.02
before,0,hm_v_rogp,11,1,1,1,Team 1,-0.02
before,0,hm_v_rogp,12,1,1,1,Team 1,-0.02
before,0,hm_v_rogp,13,1,1,1,Team 1,-0.02
before,0,hm_v_rogp,14,1,1,1,Team 1,-0.02
before,0,hm_v_rogp,15,1,1,1,Team 1,-0.02
before,0,hm_v_rogp,16,1,1,1,Team 1,-0.02
before,0,hm_v_rogp,17,2,1,2,Team 1,-0.02
before,0,hm_v_rogp,18,1,1,1,Team 1,-0.02
before,0,hm_v_rogp,19,2,1,2,Team 1,-0.02
before,0,hwl_v_rogp,0,1,1,1,Team 1,-0.02
before,0,hwl_v_rogp,1,1,1,1,Team 1,-0.02
before,0,hwl_v_rogp,2,1,1,1,Team 1,-0.02
before,0,hwl_v_rogp,3,1,1,1,Team 1,-0.02
before,0,hwl_v_rogp,4,1,1,1,Team 1,-0.02
before,0,hwl_v_rogp,5,1,1,1,Team 1,-0.02
before,0,hwl_v_rogp,6,1,1,1,Team 1,-0.02
before,0,hwl_v_rogp,7,1,1,1,Team 1,-0.02
before,0,hwl_v_rogp,8,1,1,1,Team 1,-0.02
before,0,hwl_v_rogp,9,1,1,1,Team 1,-0.02
before,0,hwl_v_rogp,10,1,1,1,Team 1,-0.02
before,0,hwl_v_rogp,11,1,1,1,Team 1,-0.02
before,0,hwl_v_rogp,12,1,1,1,Team 1,-0.02
before,0,hwl_v_rogp,13,1,1,1,Team 1,-0.02
before,0,hwl_v_rogp,14,1,1,1,Team 1,-0.02
before,0,hwl_v_rogp,15,1,1,1,Team 1,-0.02
before,0,hwl_v_rogp,16,1,1,1,Team 1,-0.02
before,0,hwl_v_rogp,17,1,1,1,Team 1,-0.02
before,0,hwl_v_rogp,18,1,1,1,Team 1,-0.02
before,0,hwl_v_rogp,19,1,1,1,Team 1,-0.02
before,0,hr_v_rogp,0,1,1,1,Team 1,-0.02
before,0,hr_v_rogp,1,1,1,1,Team 1,-0.02
before,0,hr_v_rogp,2,1,1,1,Team 1,-0.02
before,0,hr_v_rogp,3,1,1,1,Team 1,-0.02
before,0,hr_v_rogp,4,1,1,1,Team 1,-0.02
before,0,hr_v_rogp,5,1,1,1,Team 1,-0.02
before,0,hr_v_rogp,6,1,1,1,Team 1,-0.02
before,0,hr_v_rogp,7,1,1,1,Team 1,-0.02
before,0,hr_v_rogp,8,1,1,1,Team 1,-0.02
before,0,hr_v_rogp,9,1,1,1,Team 1,-0.02
before,0,hr_v_rogp,10,1,1,1,Team 1,-0.02
before,0,hr_v_rogp,11,1,1,1,Team 1,-0.02
before,0,hr_v_rogp,12,1,1,1,Team 1,-0.02
before,0,hr_v_rogp,13,1,1,1,Team 1,-0.02
before,0,hr_v_rogp,14,1,1,1,Team 1,-0.02
before,0,hr_v_rogp,15,1,1,1,Team 1,-0.02
before,0,hr_v_rogp,16,1,1,1,Team 1,-0.02
before,0,hr_v_rogp,17,1,1,1,Team 1,-0.02
before,0,hr_v_rogp,18,1,1,1,Team 1,-0.02
before,0,hr_v_rogp,19,1,1,1,Team 1,-0.02
before,0,hpal_v_rogp,0,1,1,1,Team 1,-0.02
before,0,hpal_v_rogp,1,1,1,1,Team 1,-0.02
before,0,hpal_v_rogp,2,1,1,1,Team 2,-0.02
before,0,hpal_v_rogp,3,1,1,1,Team 1,-0.02
before,0,hpal_v_rogp,4,1,1,1,Team 1,-0.02
before,0,hpal_v_rogp,5,1,1,1,Team 2,-0.02
before,0,hpal_v_rogp,6,1,1,1,Team 1,-0.02
before,0,hpal_v_rogp,7,1,1,1,Team 1,-0.02
before,0,hpal_v_rogp,8,1,1,1,Team 2,-0.02
before,0,hpal_v_rogp,9,1,1,1,Team 1,-0.02
before,0,hpal_v_rogp,10,1,1,1,Team 1,-0.02
before,0,hpal_v_rogp,11,1,1,1,Team 1,-0.02
before,0,hpal_v_rogp,12,1,1,1,Team 1,-0.02
before,0,hpal_v_rogp,13,2,1,2,Team 1,-0.02
before,0,hpal_v_rogp,14,1,1,1,Team 2,-0.02
before,0,hpal_v_rogp,15,1,1,1,Team 1,-0.02
before,0,hpal_v_rogp,16,1,1,1,Team 1,-0.02
before,0,hpal_v_rogp,17,2,1,2,Team 1,-0.02
before,0,hpal_v_rogp,18,1,1,1,Team 1,-0.02
before,0,hpal_v_rogp,19,1,1,1,Team 1,-0.02
before,0,ph_v_rogp,0,1,1,1,Team 1,-0.02
before,0,ph_v_rogp,1,1,1,1,Team 1,-0.02
before,0,ph_v_rogp,2,1,1,1,Team 1,-0.02
before,0,ph_v_rogp,3,1,1,1,Team 1,-0.02
before,0,ph_v_rogp,4,1,1,1,Team 1,-0.02
before,0,ph_v_rogp,5,1,1,1,Team 1,-0.02
before,0,ph_v_rogp,6,1,1,1,Team 1,-0.02
before,0,ph_v_rogp,7,2,1,2,Team 1,-0.02
before,0,ph_v_rogp,8,1,1,1,Team 1,-0.02
before,0,ph_v_rogp,9,1,1,1,Team 1,-0.02
before,0,ph_v_rogp,10,1,1,1,Team 1,-0.02
before,0,ph_v_rogp,11,1,1,1,Team 1,-0.02
before,0,ph_v_rogp,12,1,1,1,Team 1,-0.02
before,0,ph_v_rogp,13,1,1,1,Team 1,-0.02
before,0,ph_v_rogp,14,1,1,1,Team 1,-0.02
before,0,ph_v_rogp,15,1,1,1,Team 1,-0.02
before,0,ph_v_rogp,16,1,1,1,Team 1,-0.02
before,0,ph_v_rogp,17,1,1,1,Team 1,-0.02
before,0,ph_v_rogp,18,1,1,1,Team 1,-0.02
before,0,ph_v_rogp,19,1,1,1,Team 1,-0.02
before,0,wh_v_rogp,0,1,1,1,Team 1,-0.02
before,0,wh_v_rogp,1,1,1,1,Team 1,-0.02
before,0,wh_v_rogp,2,2,2,2,Team 1,-0.02
before,0,wh_v_rogp,3,1,1,1,Team 1,-0.02
before,0,wh_v_rogp,4,1,1,1,Team 2,-0.02
before,0,wh_v_rogp,5,1,1,1,Team 1,-0.02
before,0,wh_v_rogp,6,2,1,2,Team 1,-0.02
before,0,wh_v_rogp,7,2,1,2,Team 1,-0.02
before,0,wh_v_rogp,8,1,1,1,Team 1,-0.02
before,0,wh_v_rogp,9,1,1,1,Team 2,-0.02
before,0,wh_v_rogp,10,1,1,1,Team 2,-0.02
before,0,wh_v_rogp,11,1,1,1,Team 1,-0.02
before,0,wh_v_rogp,12,1,1,1,Team 1,-0.02
before,0,wh_v_rogp,13,1,1,1,Team 1,-0.02
before,0,wh_v_rogp,14,1,1,1,Team 1,-0.02
before,0,wh_v_rogp,15,1,1,1,Team 1,-0.02
before,0,wh_v_rogp,16,1,1,1,Team 2,-0.02
before,0,wh_v_rogp,17,1,1,1,Team 1,-0.02
before,0,wh_v_rogp,18,1,1,1,Team 1,-0.02
before,0,wh_v_rogp,19,1,1,1,Team 1,-0.02
before,0,palh_v_rogp,0,2,2,2,Team 1,-0.02
before,0,palh_v_rogp,1,2,2,2,Team 1,-0.02
before,0,palh_v_rogp,2,1,1,1,Team 1,-0.02
before,0,palh_v_rogp,3,1,1,1,Team 1,-0.02
before,0,palh_v_rogp,4,2,2,2,Team 1,-0.02
before,0,palh_v_rogp,5,1,1,1,Team 1,-0.02
before,0,palh_v_rogp,6,2,2,2,Team 1,-0.02
before,0,palh_v_rogp,7,2,2,2,Team 1,-0.02
before,0,palh_v_rogp,8,1,1,1,Team 1,-0.02
before,0,palh_v_rogp,9,2,2,2,Team 1,-0.02
before,0,palh_v_rogp,10,2,2,2,Team 1,-0.02
before,0,palh_v_rogp,11,2,2,2,Team 1,-0.02
before,0,palh_v_rogp,12,2,2,2,Team 1,-0.02
before,0,palh_v_rogp,13,1,1,1,Team 1,-0.02
before,0,palh_v_rogp,14,1,1,1,Team 1,-0.02
before,0,palh_v_rogp,15,2,2,2,Team 1,-0.02
before,0,palh_v_rogp,16,2,2,2,Team 1,-0.02
before,0,palh_v_rogp,17,1,1,1,Team 1,-0.02
before,0,palh_v_rogp,18,1,1,1,Team 1,-0.02
before,0,palh_v_rogp,19,2,2,2,Team 1,-0.02
before,0,h_v_war,0,1,1,1,Team 1,-0.02
before,0,h_v_war,1,1,1,1,Team 1,-0.02
before,0,h_v_war,2,1,1,1,Team 1,-0.02
before,0,h_v_war,3,1,1,1,Team 1,-0.02
before,0,h_v_war,4,1,1,1,Team 1,-0.02
before,0,h_v_war,5,1,1,1,Team 1,-0.02
before,0,h_v_war,6,1,1,1,Team 1,-0.02
before,0,h_v_war,7,1,1,1,Team 1,-0.02
before,0,h_v_war,8,1,1,1,Team 1,-0.02
before,0,h_v_war,9,1,1,1,Team 1,-0.02
before,0,h_v_war,10,1,1,1,Team 1,-0.02
before,0,h_v_war,11,1,1,1,Team 1,-0.02
before,0,h_v_war,12,1,1,1,Team 1,-0.02
before,0,h_v_war,13,1,1,1,Team 1,-0.02
before,0,h_v_war,14,1,1,1,Team 1,-0.02
before,0,h_v_war,15,1,1,1,Team 1,-0.02
before,0,h_v_war,16,1,1,1,Team 1,-0.02
before,0,h_v_war,17,1,1,1,Team 1,-0.02
before,0,h_v_war,18,1,1,1,Team 1,-0.02
before,0,h_v_war,19,1,1,1,Team 1,-0.02
before,0,h_v_rog,0,0,0,0,Team 2,
before,0,h_v_rog,1,0,0,0,Team 2,
before,0,h_v_rog,2,0,0,0,Team 2,
before,0,h_v_rog,3,0,0,0,Team 2,
before,0,h_v_rog,4,0,0,0,Team 2,
before,0,h_v_rog,5,0,0,0,Team 2,
before,0,h_v_rog,6,0,0,0,Team 2,
before,0,h_v_rog,7,0,0,0,Team 2,
before,0,h_v_rog,8,0,0,0,Team 2,
before,0,h_v_rog,9,0,0,0,Team 2,
before,0,h_v_rog,10,0,0,0,Team 2,
before,0,h_v_rog,11,1,0,1,Team 1,30.7
before,0,h_v_rog,12,0,0,0,Team 2,
before,0,h_v_rog,13,0,0,0,Team 2,
before,0,h_v_rog,14,0,0,0,Team 2,
before,0,h_v_rog,15,0,0,0,Team 1,
before,0,h_v_rog,16,0,0,0,Team 2,
before,0,h_v_rog,17,1,0,1,Team 1,30.7
before,0,h_v_rog,18,0,0,0,Team 2,
before,0,h_v_rog,19,0,0,0,Team 2,
before,0,h_v_pri,0,1,0,1,Team 1,-0.02
before,0,h_v_pri,1,1,0,1,Team 1,-0.02
before,0,h_v_pri,2,1,0,1,Team 2,-0.02
before,0,h_v_pri,3,1,0,1,Team 1,-0.02
before,0,h_v_pri,4,1,0,1,Team 1,-0.02
before,0,h_v_pri,5,1,0,1,Team 1,-0.02
before,0,h_v_pri,6,1,0,1,Team 1,-0.02
before,0,h_v_pri,7,1,0,1,Team 1,-0.02
before,0,h_v_pri,8,1,0,1,Team 2,-0.02
before,0,h_v_pri,9,1,0,1,Team 2,-0.02
before,0,h_v_pri,10,1,0,1,Team 1,-0.02
before,0,h_v_pri,11,1,0,1,Team 1,-0.02
before,0,h_v_pri,12,1,0,1,Team 1,-0.02
before,0,h_v_pri,13,1,0,1,Team 1,-0.02
before,0,h_v_pri,14,1,0,1,Team 1,-0.02
before,0,h_v_pri,15,1,0,1,Team 1,-0.02
before,0,h_v_pri,16,1,0,1,Team 1,-0.02
before,0,h_v_pri,17,1,1,1,Team 1,-0.02
before,0,h_v_pri,18,1,0,1,Team 1,-0.02
before,0,h_v_pri,19,1,0,1,Team 1,-0.02
before,0,h_v_wlk,0,1,1,1,Team 1,-0.02
before,0,h_v_wlk,1,1,1,1,Team 2,-0.02
before,0,h_v_wlk,2,1,1,1,Team 1,-0.02
before,0,h_v_wlk,3,1,1,1,Team 1,-0.02
before,0,h_v_wlk,4,1,1,1,Team 1,-0.02
before,0,h_v_wlk,5,1,1,1,Team 1,-0.02
before,0,h_v_wlk,6,1,1,1,Team 1,-0.02
before,0,h_v_wlk,7,1,1,1,Team 1,-0.02
before,0,h_v_wlk,8,1,1,1,Team 1,-0.02
before,0,h_v_wlk,9,1,1,1,Team 1,-0.02
before,0,h_v_wlk,10,1,1,1,Team 1,-0.02
before,0,h_v_wlk,11,1,1,1,Team 2,-0.02
before,0,h_v_wlk,12,1,1,1,Team 1,-0.02
before,0,h_v_wlk,13,1,1,1,Team 1,-0.02
before,0,h_v_wlk,14,1,1,1,Team 1,-0.02
before,0,h_v_wlk,15,1,1,1,Team 2,-0.02
before,0,h_v_wlk,16,1,1,1,Team 1,-0.02
before,0,h_v_wlk,17,1,1,1,Team 2,-0.02
before,0,h_v_wlk,18,1,1,1,Team 1,-0.02
before,0,h_v_wlk,19,1,1,1,Team 1,-0.02
after,,hp_v_rogp,0,1,1,1,Team 2,22.5
after,,hp_v_rogp,1,1,1,1,Team 2,21.07
after,,hp_v_rogp,2,1,1,1,Team 2,29.45
after,,hp_v_rogp,3,0,0,0,Team 2,
after,,hp_v_rogp,4,1,1,1,Team 2,26.03
after,,hp_v_rogp,5,1,1,1,Team 2,28.82
after,,hp_v_rogp,6,1,1,1,Team 2,23.52
after,,hp_v_rogp,7,1,1,1,Team 2,26.07
after,,hp_v_rogp,8,1,1,1,Team 2,24.88
after,,hp_v_rogp,9,1,1,1,Team 2,25.77
after,,hp_v_rogp,10,0,0,0,Team 1,
after,,hp_v_rogp,11,1,0,1,Team 2,19.48
after,,hp_v_rogp,12,1,1,1,Team 1,24.43
after,,hp_v_rogp,13,1,1,1,Team 2,25.28
after,,hp_v_rogp,14,1,1,1,Team 2,24.6
after,,hp_v_rogp,15,1,1,1,Team 2,23.07
after,,hp_v_rogp,16,1,1,1,Team 2,25.98
after,,hp_v_rogp,17,1,0,1,Team 2,19.48
after,,hp_v_rogp,18,1,0,1,Team 2,23.52
after,,hp_v_rogp,19,0,0,0,Team 1,
after,,hp_v_warp,0,1,1,1,Team 1,4.93
after,,hp_v_warp,1,1,1,1,Team 1,4.93
after,,hp_v_warp,2,1,1,1,Team 1,4.93
after,,hp_v_warp,3,1,1,1,Team 1,4.93
after,,hp_v_warp,4,1,1,1,Team 2,4.93
after,,hp_v_warp,5,1,1,1,Team 1,4.93
after,,hp_v_warp,6,1,1,1,Team 1,4.93
after,,hp_v_warp,7,1,1,1,Team 1,4.93
after,,hp_v_warp,8,1,1,1,Team 1,4.93
after,,hp_v_warp,9,1,1,1,Team 1,4.93
after,,hp_v_warp,10,1,1,1,Team 1,4.93
after,,hp_v_warp,11,1,1,1,Team 1,4.93
after,,hp_v_warp,12,1,1,1,Team 1,4.93
after,,hp_v_warp,13,1,1,1,Team 1,4.93
after,,hp_v_warp,14,1,1,1,Team 1,4.93
after,,hp_v_warp,15,1,1,1,Team 1,4.93
after,,hp_v_warp,16,1,1,1,Team 1,4.93
after,,hp_v_warp,17,1,1,1,Team 1,4.93
after,,hp_v_warp,18,1,1,1,Team 1,4.93
after,,hp_v_warp,19,1,1,1,Team 1,4.93
after,,hp_v_magp,0,0,0,0,Team 2,
after,,hp_v_magp,1,0,0,0,Team 2,
after,,hp_v_magp,2,0,0,0,Team 2,
after,,hp_v_magp,3,0,0,0,Team 2,
after,,hp_v_magp,4,0,0,0,Team 2,
after,,hp_v_magp,5,0,0,0,Team 2,
after,,hp_v_magp,6,0,0,0,Team 2,
after,,hp_v_magp,7,0,0,0,Team 2,
after,,hp_v_magp,8,0,0,0,Team 2,
after,,hp_v_magp,9,0,0,0,Team 2,
after,,hp_v_magp,10,0,0,0,Team 2,
after,,hp_v_magp,11,0,0,0,Team 2,
after,,hp_v_magp,12,0,0,0,Team 2,
after,,hp_v_magp,13,0,0,0,Team 2,
after,,hp_v_magp,14,0,0,0,Team 2,
after,,hp_v_magp,15,0,0,0,Team 2,
after,,hp_v_magp,16,0,0,0,Team 2,
after,,hp_v_magp,17,0,0,0,Team 2,
after,,hp_v_magp,18,0,0,0,Team 2,
after,,hp_v_magp,19,0,0,0,Team 2,
after,,hp_v_wlkp,0,0,0,0,Team 2,
after,,hp_v_wlkp,1,0,0,0,Team 1,
after,,hp_v_wlkp,2,0,0,0,Team 2,
after,,hp_v_wlkp,3,0,0,0,Team 2,
after,,hp_v_wlkp,4,0,0,0,Team 2,
after,,hp_v_wlkp,5,0,0,0,Team 2,
after,,hp_v_wlkp,6,0,0,0,Team 2,
after,,hp_v_wlkp,7,0,0,0,Team 2,
after,,hp_v_wlkp,8,0,0,0,Team 2,
after,,hp_v_wlkp,9,0,0,0,Team 2,
after,,hp_v_wlkp,10,0,0,0,Team 2,
after,,hp_v_wlkp,11,0,0,0,Team 2,
after,,hp_v_wlkp,12,0,0,0,Team 2,
after,,hp_v_wlkp,13,0,0,0,Team 2,
after,,hp_v_wlkp,14,0,0,0,Team 2,
after,,hp_v_wlkp,15,0,0,0,Team 2,
after,,hp_v_wlkp,16,0,0,0,Team 1,
after,,hp_v_wlkp,17,0,0,0,Team 2,
after,,hp_v_wlkp,18,0,0,0,Team 2,
after,,hp_v_wlkp,19,0,0,0,Team 1,
after,,hp_v_wlkpal,0,0,0,0,Team 2,
after,,hp_v_wlkpal,1,0,0,0,Team 2,
after,,hp_v_wlkpal,2,0,0,0,Team 2,
after,,hp_v_wlkpal,3,0,0,0,Team 2,
after,,hp_v_wlkpal,4,0,0,0,Team 2,
after,,hp_v_wlkpal,5,0,0,0,Team 2,
after,,hp_v_wlkpal,6,0,0,0,Team 2,
after,,hp_v_wlkpal,7,0,0,0,Team 2,
after,,hp_v_wlkpal,8,0,0,0,Team 2,
after,,hp_v_wlkpal,9,0,0,0,Team 2,
after,,hp_v_wlkpal,10,0,0,0,Team 2,
after,,hp_v_wlkpal,11,0,0,0,Team 2,
after,,hp_v_wlkpal,12,0,0,0,Team 2,
after,,hp_v_wlkpal,13,0,0,0,Team 2,
after,,hp_v_wlkpal,14,0,0,0,Team 2,
after,,hp_v_wlkpal,15,0,0,0,Team 2,
after,,hp_v_wlkpal,16,0,0,0,Team 2,
after,,hp_v_wlkpal,17,0,0,0,Team 2,
after,,hp_v_wlkpal,18,0,0,0,Team 2,
after,,hp_v_wlkpal,19,0,0,0,Team 1,
after,,hp_v_palwar,0,0,0,0,Team 2,
after,,hp_v_palwar,1,1,0,1,Team 2,27.65
after,,hp_v_palwar,2,0,0,0,Team 2,
after,,hp_v_palwar,3,1,0,1,Team 2,27.65
after,,hp_v_palwar,4,0,0,0,Team 2,
after,,hp_v_palwar,5,0,0,0,Team 2,
after,,hp_v_palwar,6,1,0,1,Team 2,27.77
after,,hp_v_palwar,7,1,0,1,Team 2,27.63
after,,hp_v_palwar,8,0,0,0,Team 2,
after,,hp_v_palwar,9,0,0,0,Team 2,
after,,hp_v_palwar,10,0,0,0,Team 2,
after,,hp_v_palwar,11,1,0,1,Team 2,27.58
after,,hp_v_palwar,12,1,0,1,Team 2,27.77
after,,hp_v_palwar,13,1,0,1,Team 2,27.58
after,,hp_v_palwar,14,1,0,1,Team 2,27.83
after,,hp_v_palwar,15,1,0,1,Team 2,27.77
after,,hp_v_palwar,16,1,0,1,Team 2,27.65
after,,hp_v_palwar,17,1,1,1,Team 2,30.0
after,,hp_v_palwar,18,0,0,0,Team 2,
after,,hp_v_palwar,19,1,0,1,Team 2,27.58
after,,hp_v_rogwar,0,1,1,1,Team 1,0.98
after,,hp_v_rogwar,1,1,1,1,Team 1,0.98
after,,hp_v_rogwar,2,1,1,1,Team 1,0.98
after,,hp_v_rogwar,3,1,1,1,Team 1,0.98
after,,hp_v_rogwar,4,1,1,1,Team 1,0.98
after,,hp_v_rogwar,5,1,1,1,Team 1,0.98
after,,hp_v_rogwar,6,1,1,1,Team 1,0.98
after,,hp_v_rogwar,7,1,1,1,Team 1,0.98
after,,hp_v_rogwar,8,1,1,1,Team 1,0.98
after,,hp_v_rogwar,9,1,1,1,Team 1,0.98
after,,hp_v_rogwar,10,1,1,1,Team 1,0.98
after,,hp_v_rogwar,11,1,1,1,Team 1,0.98
after,,hp_v_rogwar,12,1,1,1,Team 1,0.98
after,,hp_v_rogwar,13,1,1,1,Team 1,0.98
after,,hp_v_rogwar,14,1,1,1,Team 1,0.98
after,,hp_v_rogwar,15,1,1,1,Team 1,0.98
after,,hp_v_rogwar,16,1,1,1,Team 1,0.98
after,,hp_v_rogwar,17,1,1,1,Team 1,0.98
after,,hp_v_rogwar,18,1,1,1,Team 1,0.98
after,,hp_v_rogwar,19,1,1,1,Team 1,0.98
after,,hp_v_prpal,0,1,1,1,Team 1,10.5
after,,hp_v_prpal,1,1,1,1,Team 1,10.5
after,,hp_v_prpal,2,1,1,1,Team 1,10.5
after,,hp_v_prpal,3,1,1,1,Team 1,10.5
after,,hp_v_prpal,4,1,1,1,Team 1,10.5
after,,hp_v_prpal,5,2,2,2,Team 1,10.5
after,,hp_v_prpal,6,1,1,1,Team 1,10.5
after,,hp_v_prpal,7,1,1,1,Team 1,10.5
after,,hp_v_prpal,8,1,1,1,Team 1,10.5
after,,hp_v_prpal,9,1,1,1,Team 1,10.5
after,,hp_v_prpal,10,1,1,1,Team 1,10.5
after,,hp_v_prpal,11,1,1,1,Team 1,10.5
after,,hp_v_prpal,12,1,1,1,Team 1,10.5
after,,hp_v_prpal,13,1,1,1,Team 1,10.5
after,,hp_v_prpal,14,1,1,1,Team 1,10.5
after,,hp_v_prpal,15,2,2,2,Team 1,10.5
after,,hp_v_prpal,16,1,1,1,Team 1,10.5
after,,hp_v_prpal,17,1,1,1,Team 1,10.5
after,,hp_v_prpal,18,1,1,1,Team 1,10.5
after,,hp_v_prpal,19,1,1,1,Team 1,10.5
after,,hp_v_wlkrog,0,0,0,0,Team 1,
after,,hp_v_wlkrog,1,0,0,0,Team 1,
after,,hp_v_wlkrog,2,0,0,0,Team 1,
after,,hp_v_wlkrog,3,1,1,1,Team 2,18.65
after,,hp_v_wlkrog,4,0,0,0,Team 1,
after,,hp_v_wlkrog,5,0,0,0,Team 1,
after,,hp_v_wlkrog,6,0,0,0,Team 1,
after,,hp_v_wlkrog,7,0,0,0,Team 1,
after,,hp_v_wlkrog,8,0,0,0,Team 1,
after,,hp_v_wlkrog,9,0,0,0,Team 1,
after,,hp_v_wlkrog,10,0,0,0,Team 1,
after,,hp_v_wlkrog,11,0,0,0,Team 1,
after,,hp_v_wlkrog,12,0,0,0,Team 1,
after,,hp_v_wlkrog,13,0,0,0,Team 1,
after,,hp_v_wlkrog,14,1,1,1,Team 1,19.7
after,,hp_v_wlkrog,15,0,0,0,Team 1,
after,,hp_v_wlkrog,16,1,1,1,Team 1,15.22
after,,hp_v_wlkrog,17,0,0,0,Team 1,
after,,hp_v_wlkrog,18,0,0,0,Team 1,
after,,hp_v_wlkrog,19,0,0,0,Team 1,
after,,hp_v_shrog,0,1,1,1,Team 2,0.97
after,,hp_v_shrog,1,2,2,2,Team 2,0.97
after,,hp_v_shrog,2,2,2,2,Team 2,0.97
after,,hp_v_shrog,3,2,1,2,Team 2,0.97
after,,hp_v_shrog,4,1,1,1,Team 2,0.97
after,,hp_v_shrog,5,1,1,1,Team 2,0.97
after,,hp_v_shrog,6,2,2,2,Team 2,0.97
after,,hp_v_shrog,7,2,2,2,Team 2,0.97
after,,hp_v_shrog,8,2,2,2,Team 2,0.97
after,,hp_v_shrog,9,2,2,2,Team 2,0.97
after,,hp_v_shrog,10,2,2,2,Team 2,0.97
after,,hp_v_shrog,11,2,2,2,Team 2,0.97
after,,hp_v_shrog,12,2,2,2,Team 2,0.97
after,,hp_v_shrog,13,2,2,2,Team 2,0.97
after,,hp_v_shrog,14,2,2,2,Team 2,0.97
after,,hp_v_shrog,15,1,1,1,Team 2,0.97
after,,hp_v_shrog,16,2,2,2,Team 2,0.97
after,,hp_v_shrog,17,2,2,2,Team 2,0.97
after,,hp_v_shrog,18,2,2,2,Team 2,0.97
after,,hp_v_shrog,19,2,2,2,Team 2,0.97
after,,hw_v_rogp,0,0,0,0,Team 2,
after,,hw_v_rogp,1,0,0,0,Team 2,
after,,hw_v_rogp,2,0,0,0,Team 2,
after,,hw_v_rogp,3,0,0,0,Team 2,
after,,hw_v_rogp,4,0,0,0,Team 2,
after,,hw_v_rogp,5,0,0,0,Team 2,
after,,hw_v_rogp,6,0,0,0,Team 2,
after,,hw_v_rogp,7,0,0,0,Team 2,
after,,hw_v_rogp,8,0,0,0,Team 2,
after,,hw_v_rogp,9,0,0,0,Team 2,
after,,hw_v_rogp,10,0,0,0,Team 2,
after,,hw_v_rogp,11,0,0,0,Team 2,
after,,hw_v_rogp,12,0,0,0,Team 2,
after,,hw_v_rogp,13,0,0,0,Team 2,
after,,hw_v_rogp,14,0,0,0,Team 2,
after,,hw_v_rogp,15,0,0,0,Team 2,
after,,hw_v_rogp,16,0,0,0,Team 2,
after,,hw_v_rogp,17,0,0,0,Team 2,
after,,hw_v_rogp,18,0,0,0,Team 2,
after,,hw_v_rogp,19,0,0,0,Team 2,
after,,hpw_v_mpr,0,0,0,0,Team 2,
after,,hpw_v_mpr,1,0,0,0,Team 2,
after,,hpw_v_mpr,2,0,0,0,Team 2,
after,,hpw_v_mpr,3,0,0,0,Team 2,
after,,hpw_v_mpr,4,0,0,0,Team 2,
after,,hpw_v_mpr,5,0,0,0,Team 2,
after,,hpw_v_mpr,6,0,0,0,Team 2,
after,,hpw_v_mpr,7,0,0,0,Team 2,
after,,hpw_v_mpr,8,0,0,0,Team 2,
after,,hpw_v_mpr,9,0,0,0,Team 2,
after,,hpw_v_mpr,10,0,0,0,Team 2,
after,,hpw_v_mpr,11,0,0,0,Team 2,
after,,hpw_v_mpr,12,0,0,0,Team 2,
after,,hpw_v_mpr,13,0,0,0,Team 2,
after,,hpw_v_mpr,14,0,0,0,Team 2,
after,,hpw_v_mpr,15,0,0,0,Team 2,
after,,hpw_v_mpr,16,0,0,0,Team 2,
after,,hpw_v_mpr,17,0,0,0,Team 2,
after,,hpw_v_mpr,18,0,0,0,Team 2,
after,,hpw_v_mpr,19,0,0,0,Team 2,
after,,hpw_v_wpr,0,0,0,0,Team 1,
after,,hpw_v_wpr,1,0,0,0,Team 2,
after,,hpw_v_wpr,2,0,0,0,Team 2,
after,,hpw_v_wpr,3,0,0,0,Team 2,
after,,hpw_v_wpr,4,0,0,0,Team 2,
after,,hpw_v_wpr,5,0,0,0,Team 2,
after,,hpw_v_wpr,6,0,0,0,Team 1,
after,,hpw_v_wpr,7,0,0,0,Team 2,
after,,hpw_v_wpr,8,0,0,0,Team 2,
after,,hpw_v_wpr,9,0,0,0,Team 1,
after,,hpw_v_wpr,10,0,0,0,Team 2,
after,,hpw_v_wpr,11,0,0,0,Team 2,
after,,hpw_v_wpr,12,0,0,0,Team 2,
after,,hpw_v_wpr,13,0,0,0,Team 2,
after,,hpw_v_wpr,14,0,0,0,Team 2,
after,,hpw_v_wpr,15,0,0,0,Team 2,
after,,hpw_v_wpr,16,0,0,0,Team 2,
after,,hpw_v_wpr,17,0,0,0,Team 1,
after,,hpw_v_wpr,18,0,0,0,Team 2,
after,,hpw_v_wpr,19,0,0,0,Team 2,
after,,hp_v_rogpal,0,1,0,1,Team 2,21.0
after,,hp_v_rogpal,1,1,1,1,Team 2,22.18
after,,hp_v_rogpal,2,1,0,1,Team 1,22.4
after,,hp_v_rogpal,3,1,0,1,Team 2,23.88
after,,hp_v_rogpal,4,1,1,1,Team 2,19.48
after,,hp_v_rogpal,5,1,1,1,Team 2,22.18
after,,hp_v_rogpal,6,1,0,1,Team 2,24.37
after,,hp_v_rogpal,7,1,0,1,Team 2,25.88
after,,hp_v_rogpal,8,1,1,1,Team 2,23.47
after,,hp_v_rogpal,9,1,1,1,Team 2,21.0
after,,hp_v_rogpal,10,1,1,1,Team 1,25.57
after,,hp_v_rogpal,11,1,1,1,Team 1,16.45
after,,hp_v_rogpal,12,1,0,1,Team 2,24.2
after,,hp_v_rogpal,13,1,0,1,Team 2,22.28
after,,hp_v_rogpal,14,1,0,1,Team 1,16.45
after,,hp_v_rogpal,15,2,1,2,Team 1,22.18
after,,hp_v_rogpal,16,1,0,1,Team 2,24.83
after,,hp_v_rogpal,17,1,1,1,Team 2,22.48
after,,hp_v_rogpal,18,1,1,1,Team 2,25.7
after,,hp_v_rogpal,19,1,1,1,Team 2,17.97
after,,hp_v_warsh,0,1,1,1,Team 2,4.93
after,,hp_v_warsh,1,1,0,1,Team 2,4.93
after,,hp_v_warsh,2,2,1,2,Team 2,4.93
after,,hp_v_warsh,3,2,1,2,Team 1,4.93
after,,hp_v_warsh,4,2,2,2,Team 2,4.93
after,,hp_v_warsh,5,1,1,1,Team 1,4.93
after,,hp_v_warsh,6,2,1,2,Team 1,4.93
after,,hp_v_warsh,7,1,0,1,Team 1,4.93
after,,hp_v_warsh,8,1,0,1,Team 1,4.93
after,,hp_v_warsh,9,1,0,1,Team 1,4.93
after,,hp_v_warsh,10,1,1,1,Team 1,4.93
after,,hp_v_warsh,11,1,1,1,Team 1,4.93
after,,hp_v_warsh,12,1,1,1,Team 1,4.93
after,,hp_v_warsh,13,1,1,1,Team 1,4.93
after,,hp_v_warsh,14,1,1,1,Team 1,4.93
after,,hp_v_warsh,15,1,0,1,Team 1,4.93
after,,hp_v_warsh,16,1,1,1,Team 1,4.93
after,,hp_v_warsh,17,1,0,1,Team 1,4.93
after,,hp_v_warsh,18,1,1,1,Team 1,4.93
after,,hp_v_warsh,19,1,0,1,Team 1,4.93
after,,hw_v_warp,0,0,0,0,Team 1,
after,,hw_v_warp,1,0,0,0,Team 1,
after,,hw_v_warp,2,0,0,0,Team 1,
after,,hw_v_warp,3,0,0,0,Team 1,
after,,hw_v_warp,4,0,0,0,Team 1,
after,,hw_v_warp,5,0,0,0,Team 1,
after,,hw_v_warp,6,0,0,0,Team 1,
after,,hw_v_warp,7,0,0,0,Team 1,
after,,hw_v_warp,8,0,0,0,Team 1,
after,,hw_v_warp,9,0,0,0,Team 1,
after,,hw_v_warp,10,0,0,0,Team 1,
after,,hw_v_warp,11,0,0,0,Team 1,
after,,hw_v_warp,12,0,0,0,Team 1,
after,,hw_v_warp,13,0,0,0,Team 1,
after,,hw_v_warp,14,0,0,0,Team 1,
after,,hw_v_warp,15,0,0,0,Team 1,
after,,hw_v_warp,16,0,0,0,Team 1,
after,,hw_v_warp,17,0,0,0,Team 1,
after,,hw_v_warp,18,0,0,0,Team 1,
after,,hw_v_warp,19,0,0,0,Team 1,
after,,hm_v_rogp,0,0,0,0,Team 1,
after,,hm_v_rogp,1,0,0,0,Team 1,
after,,hm_v_rogp,2,0,0,0,Team 2,
after,,hm_v_rogp,3,0,0,0,Team 1,
after,,hm_v_rogp,4,0,0,0,Team 1,
after,,hm_v_rogp,5,0,0,0,Team 1,
after,,hm_v_rogp,6,0,0,0,Team 1,
after,,hm_v_rogp,7,0,0,0,Team 2,
after,,hm_v_rogp,8,0,0,0,Team 1,
after,,hm_v_rogp,9,0,0,0,Team 1,
after,,hm_v_rogp,10,0,0,0,Team 2,
after,,hm_v_rogp,11,0,0,0,Team 2,
after,,hm_v_rogp,12,0,0,0,Team 1,
after,,hm_v_rogp,13,0,0,0,Team 1,
after,,hm_v_rogp,14,0,0,0,Team 2,
after,,hm_v_rogp,15,0,0,0,Team 2,
after,,hm_v_rogp,16,0,0,0,Team 2,
after,,hm_v_rogp,17,0,0,0,Team 1,
after,,hm_v_rogp,18,0,0,0,Team 1,
after,,hm_v_rogp,19,0,0,0,Team 1,
after,,hwl_v_rogp,0,0,0,0,Team 2,
after,,hwl_v_rogp,1,0,0,0,Team 2,
after,,hwl_v_rogp,2,0,0,0,Team 1,
after,,hwl_v_rogp,3,0,0,0,Team 1,
after,,hwl_v_rogp,4,0,0,0,Team 2,
after,,hwl_v_rogp,5,0,0,0,Team 1,
after,,hwl_v_rogp,6,0,0,0,Team 2,
after,,hwl_v_rogp,7,0,0,0,Team 1,
after,,hwl_v_rogp,8,0,0,0,Team 2,
after,,hwl_v_rogp,9,0,0,0,Team 2,
after,,hwl_v_rogp,10,0,0,0,Team 2,
after,,hwl_v_rogp,11,0,0,0,Team 2,
after,,hwl_v_rogp,12,0,0,0,Team 1,
after,,hwl_v_rogp,13,0,0,0,Team 2,
after,,hwl_v_rogp,14,0,0,0,Team 2,
after,,hwl_v_rogp,15,0,0,0,Team 2,
after,,hwl_v_rogp,16,0,0,0,Team 2,
after,,hwl_v_rogp,17,0,0,0,Team 1,
after,,hwl_v_rogp,18,0,0,0,Team 1,
after,,hwl_v_rogp,19,0,0,0,Team 1,
after,,hr_v_rogp,0,0,0,0,Team 2,
after,,hr_v_rogp,1,0,0,0,Team 2,
after,,hr_v_rogp,2,0,0,0,Team 2,
after,,hr_v_rogp,3,0,0,0,Team 2,
after,,hr_v_rogp,4,0,0,0,Team 2,
after,,hr_v_rogp,5,0,0,0,Team 2,
after,,hr_v_rogp,6,0,0,0,Team 2,
after,,hr_v_rogp,7,0,0,0,Team 2,
after,,hr_v_rogp,8,0,0,0,Team 2,
after,,hr_v_rogp,9,0,0,0,Team 2,
after,,hr_v_rogp,10,0,0,0,Team 2,
after,,hr_v_rogp,11,0,0,0,Team 2,
after,,hr_v_rogp,12,0,0,0,Team 2,
after,,hr_v_rogp,13,0,0,0,Team 2,
after,,hr_v_rogp,14,0,0,0,Team 2,
after,,hr_v_rogp,15,0,0,0,Team 2,
after,,hr_v_rogp,16,0,0,0,Team 2,
after,,hr_v_rogp,17,0,0,0,Team 2,
after,,hr_v_rogp,18,0,0,0,Team 2,
after,,hr_v_rogp,19,0,0,0,Team 2,
after,,hpal_v_rogp,0,1,1,1,Team 2,20.43
after,,hpal_v_rogp,1,1,1,1,Team 2,25.33
after,,hpal_v_rogp,2,1,1,1,Team 1,20.43
after,,hpal_v_rogp,3,1,1,1,Team 2,23.82
after,,hpal_v_rogp,4,1,1,1,Team 2,21.95
after,,hpal_v_rogp,5,2,2,2,Team 1,21.95
after,,hpal_v_rogp,6,1,1,1,Team 1,23.82
after,,hpal_v_rogp,7,1,1,1,Team 1,17.87
after,,hpal_v_rogp,8,1,1,1,Team 2,21.95
after,,hpal_v_rogp,9,2,2,2,Team 1,21.95
after,,hpal_v_rogp,10,2,1,2,Team 1,21.95
after,,hpal_v_rogp,11,1,1,1,Team 2,22.9
after,,hpal_v_rogp,12,2,2,2,Team 2,21.95
after,,hpal_v_rogp,13,2,2,2,Team 1,21.95
after,,hpal_v_rogp,14,1,1,1,Team 2,25.33
after,,hpal_v_rogp,15,2,1,2,Team 2,21.95
after,,hpal_v_rogp,16,1,1,1,Team 2,30.22
after,,hpal_v_rogp,17,1,1,1,Team 2,25.33
after,,hpal_v_rogp,18,2,2,2,Team 2,21.95
after,,hpal_v_rogp,19,2,2,2,Team 1,21.95
after,,ph_v_rogp,0,1,1,1,Team 2,9.5
after,,ph_v_rogp,1,1,1,1,Team 1,9.5
after,,ph_v_rogp,2,1,1,1,Team 1,9.5
after,,ph_v_rogp,3,1,1,1,Team 2,14.83
after,,ph_v_rogp,4,1,0,1,Team 2,11.55
after,,ph_v_rogp,5,1,1,1,Team 2,14.83
after,,ph_v_rogp,6,1,1,1,Team 2,9.5
after,,ph_v_rogp,7,1,1,1,Team 1,9.5
after,,ph_v_rogp,8,2,1,2,Team 2,9.5
after,,ph_v_rogp,9,1,0,1,Team 2,11.55
after,,ph_v_rogp,10,1,1,1,Team 2,9.5
after,,ph_v_rogp,11,1,1,1,Team 1,14.83
after,,ph_v_rogp,12,1,1,1,Team 2,14.83
after,,ph_v_rogp,13,1,1,1,Team 2,14.83
after,,ph_v_rogp,14,1,1,1,Team 1,9.5
after,,ph_v_rogp,15,1,1,1,Team 2,14.83
after,,ph_v_rogp,16,2,1,2,Team 2,9.5
after,,ph_v_rogp,17,1,1,1,Team 1,9.5
after,,ph_v_rogp,18,1,1,1,Team 2,14.83
after,,ph_v_rogp,19,1,1,1,Team 1,9.5
after,,wh_v_rogp,0,0,0,0,Team 2,
after,,wh_v_rogp,1,1,0,1,Team 2,37.78
after,,wh_v_rogp,2,0,0,0,Team 2,
after,,wh_v_rogp,3,0,0,0,Team 2,
after,,wh_v_rogp,4,0,0,0,Team 2,
after,,wh_v_rogp,5,0,0,0,Team 2,
after,,wh_v_rogp,6,1,0,1,Team 2,37.78
after,,wh_v_rogp,7,0,0,0,Team 2,
after,,wh_v_rogp,8,1,0,1,Team 2,32.55
after,,wh_v_rogp,9,0,0,0,Team 1,
after,,wh_v_rogp,10,0,0,0,Team 2,
after,,wh_v_rogp,11,1,0,1,Team 2,37.78
after,,wh_v_rogp,12,1,0,1,Team 2,32.55
after,,wh_v_rogp,13,1,0,1,Team 2,32.55
after,,wh_v_rogp,14,1,0,1,Team 2,32.55
after,,wh_v_rogp,15,1,1,1,Team 2,29.32
after,,wh_v_rogp,16,1,0,1,Team 2,32.55
after,,wh_v_rogp,17,1,0,1,Team 2,32.55
after,,wh_v_rogp,18,1,0,1,Team 2,32.55
after,,wh_v_rogp,19,1,1,1,Team 1,26.18
after,,palh_v_rogp,0,1,0,1,Team 1,23.75
after,,palh_v_rogp,1,1,1,1,Team 2,14.38
after,,palh_v_rogp,2,1,1,1,Team 1,23.43
after,,palh_v_rogp,3,1,1,1,Team 2,14.38
after,,palh_v_rogp,4,1,1,1,Team 2,14.38
after,,palh_v_rogp,5,1,1,1,Team 2,14.38
after,,palh_v_rogp,6,1,1,1,Team 1,14.38
after,,palh_v_rogp,7,1,1,1,Team 1,14.38
after,,palh_v_rogp,8,1,1,1,Team 1,14.38
after,,palh_v_rogp,9,1,1,1,Team 1,14.38
after,,palh_v_rogp,10,1,1,1,Team 1,14.38
after,,palh_v_rogp,11,1,1,1,Team 2,14.38
after,,palh_v_rogp,12,1,1,1,Team 1,14.38
after,,palh_v_rogp,13,1,1,1,Team 1,14.38
after,,palh_v_rogp,14,1,1,1,Team 2,14.38
after,,palh_v_rogp,15,1,1,1,Team 2,14.38
after,,palh_v_rogp,16,1,0,1,Team 1,23.63
after,,palh_v_rogp,17,1,1,1,Team 1,14.38
after,,palh_v_rogp,18,1,1,1,Team 1,14.38
after,,palh_v_rogp,19,1,1,1,Team 2,14.38
after,,h_v_war,0,1,1,1,Team 1,0.97
after,,h_v_war,1,1,1,1,Team 1,0.97
after,,h_v_war,2,1,1,1,Team 1,0.97
after,,h_v_war,3,1,1,1,Team 1,0.97
after,,h_v_war,4,1,1,1,Team 1,0.97
after,,h_v_war,5,1,1,1,Team 1,0.97
after,,h_v_war,6,1,1,1,Team 1,0.97
after,,h_v_war,7,1,1,1,Team 1,0.97
after,,h_v_war,8,1,1,1,Team 1,0.97
after,,h_v_war,9,1,1,1,Team 1,0.97
after,,h_v_war,10,1,1,1,Team 1,0.97
after,,h_v_war,11,1,1,1,Team 1,0.97
after,,h_v_war,12,1,1,1,Team 1,0.97
after,,h_v_war,13,1,1,1,Team 1,0.97
after,,h_v_war,14,1,1,1,Team 1,0.97
after,,h_v_war,15,1,1,1,Team 1,0.97
after,,h_v_war,16,1,1,1,Team 1,0.97
after,,h_v_war,17,1,1,1,Team 1,0.97
after,,h_v_war,18,1,1,1,Team 1,0.97
after,,h_v_war,19,1,1,1,Team 1,0.97
after,,h_v_rog,0,0,0,0,Team 2,
after,,h_v_rog,1,0,0,0,Team 2,
after,,h_v_rog,2,0,0,0,Team 2,
after,,h_v_rog,3,0,0,0,Team 2,
after,,h_v_rog,4,0,0,0,Team 2,
after,,h_v_rog,5,0,0,0,Team 2,
after,,h_v_rog,6,0,0,0,Team 2,
after,,h_v_rog,7,0,0,0,Team 2,
after,,h_v_rog,8,0,0,0,Team 2,
after,,h_v_rog,9,0,0,0,Team 2,
after,,h_v_rog,10,0,0,0,Team 2,
after,,h_v_rog,11,1,0,1,Team 1,30.7
after,,h_v_rog,12,0,0,0,Team 2,
after,,h_v_rog,13,0,0,0,Team 2,
after,,h_v_rog,14,0,0,0,Team 2,
after,,h_v_rog,15,0,0,0,Team 1,
after,,h_v_rog,16,0,0,0,Team 2,
after,,h_v_rog,17,1,0,1,Team 1,30.7
after,,h_v_rog,18,0,0,0,Team 2,
after,,h_v_rog,19,0,0,0,Team 2,
after,,h_v_pri,0,1,0,1,Team 1,0.97
after,,h_v_pri,1,1,0,1,Team 1,0.97
after,,h_v_pri,2,1,0,1,Team 2,0.97
after,,h_v_pri,3,1,0,1,Team 1,0.97
after,,h_v_pri,4,1,0,1,Team 1,0.97
after,,h_v_pri,5,1,0,1,Team 1,0.97
after,,h_v_pri,6,1,0,1,Team 1,0.97
after,,h_v_pri,7,1,0,1,Team 1,0.97
after,,h_v_pri,8,1,0,1,Team 2,0.97
after,,h_v_pri,9,1,0,1,Team 1,0.97
after,,h_v_pri,10,1,0,1,Team 1,0.97
after,,h_v_pri,11,1,0,1,Team 1,0.97
after,,h_v_pri,12,1,0,1,Team 1,0.97
after,,h_v_pri,13,1,0,1,Team 1,0.97
after,,h_v_pri,14,1,0,1,Team 1,0.97
after,,h_v_pri,15,1,0,1,Team 1,0.97
after,,h_v_pri,16,1,0,1,Team 1,0.97
after,,h_v_pri,17,1,0,1,Team 1,0.97
after,,h_v_pri,18,1,0,1,Team 1,0.97
after,,h_v_pri,19,1,0,1,Team 1,0.97
after,,h_v_wlk,0,1,1,1,Team 2,1.02
after,,h_v_wlk,1,1,1,1,Team 2,1.02
after,,h_v_wlk,2,1,1,1,Team 1,1.02
after,,h_v_wlk,3,1,1,1,Team 1,1.02
after,,h_v_wlk,4,1,1,1,Team 1,1.02
after,,h_v_wlk,5,1,1,1,Team 1,1.02
after,,h_v_wlk,6,1,1,1,Team 1,1.02
after,,h_v_wlk,7,1,1,1,Team 1,1.02
after,,h_v_wlk,8,1,1,1,Team 1,1.02
after,,h_v_wlk,9,1,1,1,Team 1,1.02
after,,h_v_wlk,10,1,1,1,Team 1,1.02
after,,h_v_wlk,11,1,1,1,Team 2,1.02
after,,h_v_wlk,12,1,1,1,Team 1,1.02
after,,h_v_wlk,13,1,1,1,Team 1,1.02
after,,h_v_wlk,14,1,1,1,Team 1,1.02
after,,h_v_wlk,15,1,1,1,Team 2,1.02
after,,h_v_wlk,16,1,1,1,Team 1,1.02
after,,h_v_wlk,17,1,1,1,Team 2,1.02
after,,h_v_wlk,18,1,1,1,Team 1,1.02
after,,h_v_wlk,19,1,1,1,Team 1,1.02
after,0,hp_v_rogp,0,1,0,1,Team 2,33.25
after,0,hp_v_rogp,1,1,0,1,Team 1,21.92
after,0,hp_v_rogp,2,1,1,1,Team 1,26.95
after,0,hp_v_rogp,3,0,0,0,Team 1,
after,0,hp_v_rogp,4,1,1,1,Team 1,23.45
after,0,hp_v_rogp,5,1,0,1,Team 2,17.97
after,0,hp_v_rogp,6,1,0,1,Team 2,17.97
after,0,hp_v_rogp,7,1,1,1,Team 1,23.45
after,0,hp_v_rogp,8,1,1,1,Team 1,23.68
after,0,hp_v_rogp,9,1,0,1,Team 2,17.97
after,0,hp_v_rogp,10,1,0,1,Team 2,28.07
after,0,hp_v_rogp,11,0,0,0,Team 1,
after,0,hp_v_rogp,12,1,1,1,Team 2,23.45
after,0,hp_v_rogp,13,0,0,0,Team 1,
after,0,hp_v_rogp,14,1,0,1,Team 1,22.88
after,0,hp_v_rogp,15,1,1,1,Team 1,22.28
after,0,hp_v_rogp,16,1,1,1,Team 2,23.45
after,0,hp_v_rogp,17,0,0,0,Team 2,
after,0,hp_v_rogp,18,0,0,0,Team 1,
after,0,hp_v_rogp,19,0,0,0,Team 1,
after,0,hp_v_warp,0,1,1,1,Team 1,11.07
after,0,hp_v_warp,1,1,1,1,Team 1,11.07
after,0,hp_v_warp,2,1,1,1,Team 1,11.07
after,0,hp_v_warp,3,1,1,1,Team 1,11.07
after,0,hp_v_warp,4,1,1,1,Team 1,11.07
after,0,hp_v_warp,5,1,1,1,Team 1,11.07
after,0,hp_v_warp,6,1,1,1,Team 1,11.07
after,0,hp_v_warp,7,1,1,1,Team 1,11.07
after,0,hp_v_warp,8,1,1,1,Team 1,11.07
after,0,hp_v_warp,9,1,1,1,Team 1,11.07
after,0,hp_v_warp,10,1,1,1,Team 1,11.07
after,0,hp_v_warp,11,1,1,1,Team 1,11.07
after,0,hp_v_warp,12,1,1,1,Team 1,11.07
after,0,hp_v_warp,13,1,1,1,Team 1,11.07
after,0,hp_v_warp,14,1,1,1,Team 1,11.07
after,0,hp_v_warp,15,1,1,1,Team 1,11.07
after,0,hp_v_warp,16,1,1,1,Team 1,11.07
after,0,hp_v_warp,17,1,1,1,Team 1,11.07
after,0,hp_v_warp,18,1,1,1,Team 1,11.07
after,0,hp_v_warp,19,1,1,1,Team 1,11.07
after,0,hp_v_magp,0,0,0,0,Team 2,
after,0,hp_v_magp,1,0,0,0,Team 2,
after,0,hp_v_magp,2,0,0,0,Team 2,
after,0,hp_v_magp,3,0,0,0,Team 2,
after,0,hp_v_magp,4,0,0,0,Team 2,
after,0,hp_v_magp,5,0,0,0,Team 2,
after,0,hp_v_magp,6,0,0,0,Team 2,
after,0,hp_v_magp,7,0,0,0,Team 2,
after,0,hp_v_magp,8,0,0,0,Team 2,
after,0,hp_v_magp,9,0,0,0,Team 2,
after,0,hp_v_magp,10,0,0,0,Team 2,
after,0,hp_v_magp,11,0,0,0,Team 2,
after,0,hp_v_magp,12,0,0,0,Team 2,
after,0,hp_v_magp,13,0,0,0,Team 2,
after,0,hp_v_magp,14,0,0,0,Team 2,
after,0,hp_v_magp,15,0,0,0,Team 2,
after,0,hp_v_magp,16,0,0,0,Team 2,
after,0,hp_v_magp,17,0,0,0,Team 2,
after,0,hp_v_magp,18,0,0,0,Team 2,
after,0,hp_v_magp,19,0,0,0,Team 2,
after,0,hp_v_wlkp,0,0,0,0,Team 2,
after,0,hp_v_wlkp,1,0,0,0,Team 2,
after,0,hp_v_wlkp,2,0,0,0,Team 2,
after,0,hp_v_wlkp,3,0,0,0,Team 2,
after,0,hp_v_wlkp,4,0,0,0,Team 2,
after,0,hp_v_wlkp,5,0,0,0,Team 2,
after,0,hp_v_wlkp,6,0,0,0,Team 2,
after,0,hp_v_wlkp,7,0,0,0,Team 2,
after,0,hp_v_wlkp,8,0,0,0,Team 2,
after,0,hp_v_wlkp,9,0,0,0,Team 2,
after,0,hp_v_wlkp,10,0,0,0,Team 2,
after,0,hp_v_wlkp,11,0,0,0,Team 2,
after,0,hp_v_wlkp,12,0,0,0,Team 2,
after,0,hp_v_wlkp,13,0,0,0,Team 2,
after,0,hp_v_wlkp,14,0,0,0,Team 2,
after,0,hp_v_wlkp,15,0,0,0,Team 2,
after,0,hp_v_wlkp,16,0,0,0,Team 2,
after,0,hp_v_wlkp,17,0,0,0,Team 2,
after,0,hp_v_wlkp,18,0,0,0,Team 2,
after,0,hp_v_wlkp,19,0,0,0,Team 2,
after,0,hp_v_wlkpal,0,0,0,0,Team 2,
after,0,hp_v_wlkpal,1,0,0,0,Team 2,
after,0,hp_v_wlkpal,2,0,0,0,Team 2,
after,0,hp_v_wlkpal,3,0,0,0,Team 2,
after,0,hp_v_wlkpal,4,0,0,0,Team 2,
after,0,hp_v_wlkpal,5,0,0,0,Team 2,
after,0,hp_v_wlkpal,6,0,0,0,Team 2,
after,0,hp_v_wlkpal,7,0,0,0,Team 2,
after,0,hp_v_wlkpal,8,0,0,0,Team 2,
after,0,hp_v_wlkpal,9,0,0,0,Team 2,
after,0,hp_v_wlkpal,10,0,0,0,Team 2,
after,0,hp_v_wlkpal,11,1,1,1,Team 2,20.68
after,0,hp_v_wlkpal,12,0,0,0,Team 2,
after,0,hp_v_wlkpal,13,0,0,0,Team 2,
after,0,hp_v_wlkpal,14,0,0,0,Team 2,
after,0,hp_v_wlkpal,15,0,0,0,Team 2,
after,0,hp_v_wlkpal,16,0,0,0,Team 2,
after,0,hp_v_wlkpal,17,0,0,0,Team 2,
after,0,hp_v_wlkpal,18,0,0,0,Team 2,
after,0,hp_v_wlkpal,19,0,0,0,Team 2,
after,0,hp_v_palwar,0,2,2,2,Team 1,19.72
after,0,hp_v_palwar,1,1,1,1,Team 1,19.72
after,0,hp_v_palwar,2,2,2,2,Team 2,16.05
after,0,hp_v_palwar,3,1,1,1,Team 1,19.72
after,0,hp_v_palwar,4,1,0,1,Team 1,11.98
after,0,hp_v_palwar,5,1,1,1,Team 1,19.72
after,0,hp_v_palwar,6,1,1,1,Team 1,19.72
after,0,hp_v_palwar,7,1,1,1,Team 1,19.72
after,0,hp_v_palwar,8,1,0,1,Team 1,30.07
after,0,hp_v_palwar,9,1,1,1,Team 1,19.72
after,0,hp_v_palwar,10,2,2,2,Team 1,19.72
after,0,hp_v_palwar,11,1,1,1,Team 1,19.72
after,0,hp_v_palwar,12,1,1,1,Team 1,19.72
after,0,hp_v_palwar,13,1,0,1,Team 1,30.07
after,0,hp_v_palwar,14,1,1,1,Team 1,19.72
after,0,hp_v_palwar,15,1,1,1,Team 1,19.72
after,0,hp_v_palwar,16,2,1,2,Team 1,16.05
after,0,hp_v_palwar,17,2,1,2,Team 2,11.98
after,0,hp_v_palwar,18,2,2,2,Team 1,19.72
after,0,hp_v_palwar,19,2,2,2,Team 1,19.72
after,0,hp_v_rogwar,0,1,1,1,Team 1,0.98
after,0,hp_v_rogwar,1,1,1,1,Team 1,0.98
after,0,hp_v_rogwar,2,1,1,1,Team 1,0.98
after,0,hp_v_rogwar,3,1,1,1,Team 1,0.98
after,0,hp_v_rogwar,4,1,1,1,Team 1,0.98
after,0,hp_v_rogwar,5,1,1,1,Team 1,0.98
after,0,hp_v_rogwar,6,1,1,1,Team 1,0.98
after,0,hp_v_rogwar,7,1,1,1,Team 1,0.98
after,0,hp_v_rogwar,8,1,1,1,Team 1,0.98
after,0,hp_v_rogwar,9,1,1,1,Team 1,0.98
after,0,hp_v_rogwar,10,1,1,1,Team 1,0.98
after,0,hp_v_rogwar,11,1,1,1,Team 1,0.98
after,0,hp_v_rogwar,12,1,1,1,Team 1,0.98
after,0,hp_v_rogwar,13,1,1,1,Team 1,0.98
after,0,hp_v_rogwar,14,1,1,1,Team 1,0.98
after,0,hp_v_rogwar,15,1,1,1,Team 1,0.98
after,0,hp_v_rogwar,16,1,1,1,Team 1,0.98
after,0,hp_v_rogwar,17,1,1,1,Team 1,0.98
after,0,hp_v_rogwar,18,1,1,1,Team 1,0.98
after,0,hp_v_rogwar,19,1,1,1,Team 1,0.98
after,0,hp_v_prpal,0,2,2,2,Team 1,6.47
after,0,hp_v_prpal,1,2,2,2,Team 1,6.47
after,0,hp_v_prpal,2,1,1,1,Team 1,6.47
after,0,hp_v_prpal,3,2,2,2,Team 1,6.47
after,0,hp_v_prpal,4,2,2,2,Team 1,6.47
after,0,hp_v_prpal,5,2,2,2,Team 1,6.47
after,0,hp_v_prpal,6,2,2,2,Team 1,6.47
after,0,hp_v_prpal,7,2,2,2,Team 1,6.47
after,0,hp_v_prpal,8,2,2,2,Team 1,6.47
after,0,hp_v_prpal,9,2,2,2,Team 1,6.47
after,0,hp_v_prpal,10,2,2,2,Team 1,6.47
after,0,hp_v_prpal,11,2,2,2,Team 1,6.47
after,0,hp_v_prpal,12,2,2,2,Team 1,6.47
after,0,hp_v_prpal,13,2,2,2,Team 1,6.47
after,0,hp_v_prpal,14,2,2,2,Team 1,6.47
after,0,hp_v_prpal,15,2,2,2,Team 1,6.47
after,0,hp_v_prpal,16,2,2,2,Team 1,6.47
after,0,hp_v_prpal,17,2,2,2,Team 1,6.47
after,0,hp_v_prpal,18,2,2,2,Team 1,6.47
after,0,hp_v_prpal,19,2,2,2,Team 1,6.47
after,0,hp_v_wlkrog,0,0,0,0,Team 2,
after,0,hp_v_wlkrog,1,0,0,0,Team 2,
after,0,hp_v_wlkrog,2,0,0,0,Team 2,
after,0,hp_v_wlkrog,3,0,0,0,Team 2,
after,0,hp_v_wlkrog,4,0,0,0,Team 2,
after,0,hp_v_wlkrog,5,0,0,0,Team 2,
after,0,hp_v_wlkrog,6,0,0,0,Team 2,
after,0,hp_v_wlkrog,7,0,0,0,Team 2,
after,0,hp_v_wlkrog,8,0,0,0,Team 2,
after,0,hp_v_wlkrog,9,0,0,0,Team 2,
after,0,hp_v_wlkrog,10,0,0,0,Team 2,
after,0,hp_v_wlkrog,11,0,0,0,Team 2,
after,0,hp_v_wlkrog,12,0,0,0,Team 2,
after,0,hp_v_wlkrog,13,0,0,0,Team 2,
after,0,hp_v_wlkrog,14,0,0,0,Team 2,
after,0,hp_v_wlkrog,15,0,0,0,Team 2,
after,0,hp_v_wlkrog,16,0,0,0,Team 2,
after,0,hp_v_wlkrog,17,0,0,0,Team 2,
after,0,hp_v_wlkrog,18,0,0,0,Team 2,
after,0,hp_v_wlkrog,19,0,0,0,Team 2,
after,0,hp_v_shrog,0,1,1,1,Team 2,0.97
after,0,hp_v_shrog,1,1,1,1,Team 2,0.97
after,0,hp_v_shrog,2,1,1,1,Team 2,0.97
after,0,hp_v_shrog,3,1,1,1,Team 2,0.97
after,0,hp_v_shrog,4,1,1,1,Team 2,0.97
after,0,hp_v_shrog,5,1,1,1,Team 2,0.97
after,0,hp_v_shrog,6,1,1,1,Team 2,0.97
after,0,hp_v_shrog,7,1,1,1,Team 2,0.97
after,0,hp_v_shrog,8,1,1,1,Team 2,0.97
after,0,hp_v_shrog,9,1,1,1,Team 2,0.97
after,0,hp_v_shrog,10,1,1,1,Team 2,0.97
after,0,hp_v_shrog,11,1,1,1,Team 2,0.97
after,0,hp_v_shrog,12,1,1,1,Team 2,0.97
after,0,hp_v_shrog,13,1,1,1,Team 2,0.97
after,0,hp_v_shrog,14,1,1,1,Team 2,0.97
after,0,hp_v_shrog,15,1,1,1,Team 2,0.97
after,0,hp_v_shrog,16,1,1,1,Team 2,0.97
after,0,hp_v_shrog,17,1,1,1,Team 2,0.97
after,0,hp_v_shrog,18,1,1,1,Team 2,0.97
after,0,hp_v_shrog,19,1,1,1,Team 2,0.97
after,0,hw_v_rogp,0,0,0,0,Team 2,
after,0,hw_v_rogp,1,0,0,0,Team 2,
after,0,hw_v_rogp,2,0,0,0,Team 2,
after,0,hw_v_rogp,3,0,0,0,Team 2,
after,0,hw_v_rogp,4,0,0,0,Team 2,
after,0,hw_v_rogp,5,0,0,0,Team 2,
after,0,hw_v_rogp,6,0,0,0,Team 2,
after,0,hw_v_rogp,7,0,0,0,Team 2,
after,0,hw_v_rogp,8,0,0,0,Team 2,
after,0,hw_v_rogp,9,0,0,0,Team 2,
after,0,hw_v_rogp,10,0,0,0,Team 2,
after,0,hw_v_rogp,11,0,0,0,Team 2,
after,0,hw_v_rogp,12,0,0,0,Team 2,
after,0,hw_v_rogp,13,0,0,0,Team 2,
after,0,hw_v_rogp,14,0,0,0,Team 2,
after,0,hw_v_rogp,15,0,0,0,Team 2,
after,0,hw_v_rogp,16,0,0,0,Team 2,
after,0,hw_v_rogp,17,0,0,0,Team 2,
after,0,hw_v_rogp,18,0,0,0,Team 2,
after,0,hw_v_rogp,19,0,0,0,Team 2,
after,0,hpw_v_mpr,0,1,1,1,Team 2,18.8
after,0,hpw_v_mpr,1,1,1,1,Team 1,11.7
after,0,hpw_v_mpr,2,1,1,1,Team 2,17.25
after,0,hpw_v_mpr,3,1,1,1,Team 1,18.97
after,0,hpw_v_mpr,4,0,0,0,Team 2,
after,0,hpw_v_mpr,5,1,0,1,Team 1,18.77
after,0,hpw_v_mpr,6,1,1,1,Team 2,17.25
after,0,hpw_v_mpr,7,0,0,0,Team 1,
after,0,hpw_v_mpr,8,1,1,1,Team 2,17.25
after,0,hpw_v_mpr,9,1,1,1,Team 2,16.37
after,0,hpw_v_mpr,10,1,0,1,Team 2,11.7
after,0,hpw_v_mpr,11,1,0,1,Team 2,10.18
after,0,hpw_v_mpr,12,1,1,1,Team 2,17.25
after,0,hpw_v_mpr,13,1,1,1,Team 2,17.25
after,0,hpw_v_mpr,14,1,0,1,Team 2,10.18
after,0,hpw_v_mpr,15,0,0,0,Team 1,
after,0,hpw_v_mpr,16,1,1,1,Team 1,10.18
after,0,hpw_v_mpr,17,0,0,0,Team 2,
after,0,hpw_v_mpr,18,1,1,1,Team 2,10.18
after,0,hpw_v_mpr,19,1,1,1,Team 1,10.18
after,0,hpw_v_wpr,0,0,0,0,Team 1,
after,0,hpw_v_wpr,1,0,0,0,Team 1,
after,0,hpw_v_wpr,2,0,0,0,Team 1,
after,0,hpw_v_wpr,3,0,0,0,Team 1,
after,0,hpw_v_wpr,4,0,0,0,Team 1,
after,0,hpw_v_wpr,5,0,0,0,Team 1,
after,0,hpw_v_wpr,6,0,0,0,Team 1,
after,0,hpw_v_wpr,7,0,0,0,Team 1,
after,0,hpw_v_wpr,8,0,0,0,Team 1,
after,0,hpw_v_wpr,9,0,0,0,Team 2,
after,0,hpw_v_wpr,10,0,0,0,Team 1,
after,0,hpw_v_wpr,11,0,0,0,Team 1,
after,0,hpw_v_wpr,12,0,0,0,Team 1,
after,0,hpw_v_wpr,13,0,0,0,Team 1,
after,0,hpw_v_wpr,14,0,0,0,Team 1,
after,0,hpw_v_wpr,15,0,0,0,Team 1,
after,0,hpw_v_wpr,16,0,0,0,Team 1,
after,0,hpw_v_wpr,17,0,0,0,Team 1,
after,0,hpw_v_wpr,18,0,0,0,Team 1,
after,0,hpw_v_wpr,19,0,0,0,Team 1,
after,0,hp_v_rogpal,0,1,1,1,Team 1,17.97
after,0,hp_v_rogpal,1,1,1,1,Team 1,17.97
after,0,hp_v_rogpal,2,1,1,1,Team 1,17.97
after,0,hp_v_rogpal,3,1,1,1,Team 1,17.97
after,0,hp_v_rogpal,4,1,1,1,Team 1,17.97
after,0,hp_v_rogpal,5,1,0,1,Team 1,17.97
after,0,hp_v_rogpal,6,1,1,1,Team 1,17.97
after,0,hp_v_rogpal,7,1,1,1,Team 1,17.97
after,0,hp_v_rogpal,8,0,0,0,Team 2,
after,0,hp_v_rogpal,9,1,1,1,Team 1,17.97
after,0,hp_v_rogpal,10,1,1,1,Team 1,19.48
after,0,hp_v_rogpal,11,1,0,1,Team 1,22.0
after,0,hp_v_rogpal,12,1,1,1,Team 1,23.37
after,0,hp_v_rogpal,13,1,1,1,Team 1,17.97
after,0,hp_v_rogpal,14,1,1,1,Team 1,17.97
after,0,hp_v_rogpal,15,1,1,1,Team 1,17.97
after,0,hp_v_rogpal,16,1,1,1,Team 1,17.97
after,0,hp_v_rogpal,17,1,1,1,Team 1,17.97
after,0,hp_v_rogpal,18,1,1,1,Team 1,19.48
after,0,hp_v_rogpal,19,1,1,1,Team 1,17.97
after,0,hp_v_warsh,0,1,0,1,Team 1,4.93
after,0,hp_v_warsh,1,1,0,1,Team 1,4.93
after,0,hp_v_warsh,2,1,0,1,Team 1,4.93
after,0,hp_v_warsh,3,1,1,1,Team 1,4.93
after,0,hp_v_warsh,4,1,1,1,Team 1,4.93
after,0,hp_v_warsh,5,1,0,1,Team 1,4.93
after,0,hp_v_warsh,6,1,1,1,Team 1,4.93
after,0,hp_v_warsh,7,1,0,1,Team 1,4.93
after,0,hp_v_warsh,8,1,0,1,Team 1,4.93
after,0,hp_v_warsh,9,1,1,1,Team 1,4.93
after,0,hp_v_warsh,10,1,0,1,Team 1,4.93
after,0,hp_v_warsh,11,1,0,1,Team 1,4.93
after,0,hp_v_warsh,12,1,1,1,Team 1,4.93
after,0,hp_v_warsh,13,1,1,1,Team 1,4.93
after,0,hp_v_warsh,14,1,0,1,Team 1,4.93
after,0,hp_v_warsh,15,1,1,1,Team 1,4.93
after,0,hp_v_warsh,16,1,1,1,Team 1,4.93
after,0,hp_v_warsh,17,1,1,1,Team 1,4.93
after,0,hp_v_warsh,18,1,0,1,Team 1,4.93
after,0,hp_v_warsh,19,1,1,1,Team 1,4.93
after,0,hw_v_warp,0,1,0,1,Team 1,4.93
after,0,hw_v_warp,1,1,1,1,Team 1,4.93
after,0,hw_v_warp,2,1,0,1,Team 1,4.93
after,0,hw_v_warp,3,1,0,1,Team 1,4.93
after,0,hw_v_warp,4,1,1,1,Team 2,4.93
after,0,hw_v_warp,5,1,0,1,Team 1,4.93
after,0,hw_v_warp,6,1,1,1,Team 1,4.93
after,0,hw_v_warp,7,1,0,1,Team 2,4.93
after,0,hw_v_warp,8,1,0,1,Team 2,4.93
after,0,hw_v_warp,9,1,0,1,Team 1,4.93
after,0,hw_v_warp,10,1,1,1,Team 1,4.93
after,0,hw_v_warp,11,1,0,1,Team 2,4.93
after,0,hw_v_warp,12,1,1,1,Team 2,4.93
after,0,hw_v_warp,13,1,0,1,Team 1,4.93
after,0,hw_v_warp,14,1,0,1,Team 1,4.93
after,0,hw_v_warp,15,1,0,1,Team 2,4.93
after,0,hw_v_warp,16,1,1,1,Team 1,4.93
after,0,hw_v_warp,17,1,0,1,Team 1,4.93
after,0,hw_v_warp,18,1,0,1,Team 1,4.93
after,0,hw_v_warp,19,1,0,1,Team 1,4.93
after,0,hm_v_rogp,0,0,0,0,Team 2,
after,0,hm_v_rogp,1,0,0,0,Team 2,
after,0,hm_v_rogp,2,0,0,0,Team 1,
after,0,hm_v_rogp,3,0,0,0,Team 2,
after,0,hm_v_rogp,4,0,0,0,Team 2,
after,0,hm_v_rogp,5,0,0,0,Team 2,
after,0,hm_v_rogp,6,0,0,0,Team 2,
after,0,hm_v_rogp,7,0,0,0,Team 2,
after,0,hm_v_rogp,8,0,0,0,Team 2,
after,0,hm_v_rogp,9,0,0,0,Team 2,
after,0,hm_v_rogp,10,0,0,0,Team 2,
after,0,hm_v_rogp,11,0,0,0,Team 2,
after,0,hm_v_rogp,12,0,0,0,Team 2,
after,0,hm_v_rogp,13,0,0,0,Team 1,
after,0,hm_v_rogp,14,0,0,0,Team 2,
after,0,hm_v_rogp,15,0,0,0,Team 1,
after,0,hm_v_rogp,16,0,0,0,Team 2,
after,0,hm_v_rogp,17,0,0,0,Team 1,
after,0,hm_v_rogp,18,0,0,0,Team 1,
after,0,hm_v_rogp,19,0,0,0,Team 2,
after,0,hwl_v_rogp,0,0,0,0,Team 2,
after,0,hwl_v_rogp,1,0,0,0,Team 2,
after,0,hwl_v_rogp,2,0,0,0,Team 1,
after,0,hwl_v_rogp,3,0,0,0,Team 1,
after,0,hwl_v_rogp,4,0,0,0,Team 1,
after,0,hwl_v_rogp,5,0,0,0,Team 1,
after,0,hwl_v_rogp,6,0,0,0,Team 1,
after,0,hwl_v_rogp,7,0,0,0,Team 2,
after,0,hwl_v_rogp,8,0,0,0,Team 2,
after,0,hwl_v_rogp,9,0,0,0,Team 1,
after,0,hwl_v_rogp,10,0,0,0,Team 2,
after,0,hwl_v_rogp,11,0,0,0,Team 1,
after,0,hwl_v_rogp,12,0,0,0,Team 1,
after,0,hwl_v_rogp,13,0,0,0,Team 2,
after,0,hwl_v_rogp,14,0,0,0,Team 2,
after,0,hwl_v_rogp,15,0,0,0,Team 2,
after,0,hwl_v_rogp,16,0,0,0,Team 2,
after,0,hwl_v_rogp,17,0,0,0,Team 1,
after,0,hwl_v_rogp,18,0,0,0,Team 2,
after,0,hwl_v_rogp,19,0,0,0,Team 2,
after,0,hr_v_rogp,0,1,1,1,Team 1,12.03
after,0,hr_v_rogp,1,0,0,0,Team 1,
after,0,hr_v_rogp,2,0,0,0,Team 1,
after,0,hr_v_rogp,3,0,0,0,Team 1,
after,0,hr_v_rogp,4,1,1,1,Team 1,12.03
after,0,hr_v_rogp,5,1,1,1,Team 1,12.03
after,0,hr_v_rogp,6,0,0,0,Team 1,
after,0,hr_v_rogp,7,0,0,0,Team 1,
after,0,hr_v_rogp,8,0,0,0,Team 1,
after,0,hr_v_rogp,9,1,1,1,Team 1,12.03
after,0,hr_v_rogp,10,1,1,1,Team 1,12.03
after,0,hr_v_rogp,11,0,0,0,Team 1,
after,0,hr_v_rogp,12,0,0,0,Team 1,
after,0,hr_v_rogp,13,0,0,0,Team 1,
after,0,hr_v_rogp,14,0,0,0,Team 1,
after,0,hr_v_rogp,15,1,0,1,Team 1,12.03
after,0,hr_v_rogp,16,0,0,0,Team 1,
after,0,hr_v_rogp,17,1,1,1,Team 1,12.03
after,0,hr_v_rogp,18,1,1,1,Team 1,12.03
after,0,hr_v_rogp,19,0,0,0,Team 1,
after,0,hpal_v_rogp,0,0,0,0,Team 2,
after,0,hpal_v_rogp,1,1,1,1,Team 2,23.37
after,0,hpal_v_rogp,2,1,1,1,Team 2,22.03
after,0,hpal_v_rogp,3,1,1,1,Team 1,22.4
after,0,hpal_v_rogp,4,1,1,1,Team 1,22.12
after,0,hpal_v_rogp,5,1,1,1,Team 1,22.4
after,0,hpal_v_rogp,6,1,1,1,Team 1,22.42
after,0,hpal_v_rogp,7,1,1,1,Team 2,20.6
after,0,hpal_v_rogp,8,1,0,1,Team 1,20.6
after,0,hpal_v_rogp,9,1,1,1,Team 1,24.45
after,0,hpal_v_rogp,10,1,1,1,Team 1,22.42
after,0,hpal_v_rogp,11,1,1,1,Team 2,19.08
after,0,hpal_v_rogp,12,1,1,1,Team 1,22.4
after,0,hpal_v_rogp,13,1,1,1,Team 2,20.6
after,0,hpal_v_rogp,14,1,1,1,Team 1,22.42
after,0,hpal_v_rogp,15,1,0,1,Team 2,22.12
after,0,hpal_v_rogp,16,1,1,1,Team 1,27.58
after,0,hpal_v_rogp,17,1,1,1,Team 1,22.12
after,0,hpal_v_rogp,18,1,0,1,Team 1,22.4
after,0,hpal_v_rogp,19,1,1,1,Team 1,22.12
after,0,ph_v_rogp,0,1,1,1,Team 1,20.6
after,0,ph_v_rogp,1,1,1,1,Team 2,20.6
after,0,ph_v_rogp,2,1,0,1,Team 1,20.83
after,0,ph_v_rogp,3,1,1,1,Team 2,20.6
after,0,ph_v_rogp,4,1,1,1,Team 2,20.6
after,0,ph_v_rogp,5,1,0,1,Team 1,21.25
after,0,ph_v_rogp,6,1,1,1,Team 1,20.6
after,0,ph_v_rogp,7,1,1,1,Team 1,20.6
after,0,ph_v_rogp,8,1,1,1,Team 2,20.18
after,0,ph_v_rogp,9,1,1,1,Team 1,20.6
after,0,ph_v_rogp,10,1,0,1,Team 1,22.47
after,0,ph_v_rogp,11,1,1,1,Team 2,20.6
after,0,ph_v_rogp,12,1,1,1,Team 1,21.6
after,0,ph_v_rogp,13,1,1,1,Team 2,20.6
after,0,ph_v_rogp,14,1,1,1,Team 1,20.6
after,0,ph_v_rogp,15,1,1,1,Team 2,20.6
after,0,ph_v_rogp,16,1,1,1,Team 1,20.18
after,0,ph_v_rogp,17,1,1,1,Team 1,20.6
after,0,ph_v_rogp,18,1,1,1,Team 1,20.6
after,0,ph_v_rogp,19,1,1,1,Team 1,20.6
after,0,wh_v_rogp,0,1,1,1,Team 1,11.02
after,0,wh_v_rogp,1,1,1,1,Team 1,9.5
after,0,wh_v_rogp,2,1,1,1,Team 1,9.5
after,0,wh_v_rogp,3,2,2,2,Team 2,11.82
after,0,wh_v_rogp,4,1,1,1,Team 1,11.83
after,0,wh_v_rogp,5,1,1,1,Team 1,11.83
after,0,wh_v_rogp,6,1,1,1,Team 1,9.5
after,0,wh_v_rogp,7,1,1,1,Team 1,11.02
after,0,wh_v_rogp,8,1,1,1,Team 1,11.02
after,0,wh_v_rogp,9,1,1,1,Team 1,9.5
after,0,wh_v_rogp,10,1,1,1,Team 1,11.02
after,0,wh_v_rogp,11,1,1,1,Team 1,9.5
after,0,wh_v_rogp,12,1,1,1,Team 1,11.02
after,0,wh_v_rogp,13,1,1,1,Team 1,11.02
after,0,wh_v_rogp,14,1,1,1,Team 1,9.5
after,0,wh_v_rogp,15,1,1,1,Team 1,11.02
after,0,wh_v_rogp,16,1,1,1,Team 1,11.02
after,0,wh_v_rogp,17,1,1,1,Team 1,9.5
after,0,wh_v_rogp,18,1,1,1,Team 1,11.83
after,0,wh_v_rogp,19,1,1,1,Team 1,9.5
after,0,palh_v_rogp,0,0,0,0,Team 1,
after,0,palh_v_rogp,1,0,0,0,Team 1,
after,0,palh_v_rogp,2,0,0,0,Team 1,
after,0,palh_v_rogp,3,1,1,1,Team 1,28.98
after,0,palh_v_rogp,4,0,0,0,Team 1,
after,0,palh_v_rogp,5,0,0,0,Team 1,
after,0,palh_v_rogp,6,1,1,1,Team 1,9.5
after,0,palh_v_rogp,7,0,0,0,Team 1,
after,0,palh_v_rogp,8,0,0,0,Team 1,
after,0,palh_v_rogp,9,1,0,1,Team 1,28.98
after,0,palh_v_rogp,10,2,2,2,Team 1,9.5
after,0,palh_v_rogp,11,1,1,1,Team 1,9.5
after,0,palh_v_rogp,12,1,1,1,Team 1,9.5
after,0,palh_v_rogp,13,0,0,0,Team 1,
after,0,palh_v_rogp,14,0,0,0,Team 1,
after,0,palh_v_rogp,15,0,0,0,Team 1,
after,0,palh_v_rogp,16,2,1,2,Team 1,9.5
after,0,palh_v_rogp,17,1,1,1,Team 1,9.5
after,0,palh_v_rogp,18,1,1,1,Team 1,9.5
after,0,palh_v_rogp,19,1,1,1,Team 1,9.5
after,0,h_v_war,0,1,1,1,Team 1,0.97
after,0,h_v_war,1,1,1,1,Team 1,0.97
after,0,h_v_war,2,1,1,1,Team 1,0.97
after,0,h_v_war,3,1,1,1,Team 1,0.97
after,0,h_v_war,4,1,1,1,Team 1,0.97
after,0,h_v_war,5,1,1,1,Team 1,0.97
after,0,h_v_war,6,1,1,1,Team 1,0.97
after,0,h_v_war,7,1,1,1,Team 1,0.97
after,0,h_v_war,8,1,1,1,Team 1,0.97
after,0,h_v_war,9,1,1,1,Team 1,0.97
after,0,h_v_war,10,1,1,1,Team 1,0.97
after,0,h_v_war,11,1,1,1,Team 1,0.97
after,0,h_v_war,12,1,1,1,Team 1,0.97
after,0,h_v_war,13,1,1,1,Team 1,0.97
after,0,h_v_war,14,1,1,1,Team 1,0.97
after,0,h_v_war,15,1,1,1,Team 1,0.97
after,0,h_v_war,16,1,1,1,Team 1,0.97
after,0,h_v_war,17,1,1,1,Team 1,0.97
after,0,h_v_war,18,1,1,1,Team 1,0.97
after,0,h_v_war,19,1,1,1,Team 1,0.97
after,0,h_v_rog,0,0,0,0,Team 2,
after,0,h_v_rog,1,0,0,0,Team 2,
after,0,h_v_rog,2,0,0,0,Team 2,
after,0,h_v_rog,3,0,0,0,Team 2,
after,0,h_v_rog,4,0,0,0,Team 2,
after,0,h_v_rog,5,0,0,0,Team 2,
after,0,h_v_rog,6,0,0,0,Team 2,
after,0,h_v_rog,7,0,0,0,Team 2,
after,0,h_v_rog,8,0,0,0,Team 2,
after,0,h_v_rog,9,0,0,0,Team 2,
after,0,h_v_rog,10,0,0,0,Team 2,
after,0,h_v_rog,11,1,0,1,Team 1,30.7
after,0,h_v_rog,12,0,0,0,Team 2,
after,0,h_v_rog,13,0,0,0,Team 2,
after,0,h_v_rog,14,0,0,0,Team 2,
after,0,h_v_rog,15,0,0,0,Team 1,
after,0,h_v_rog,16,0,0,0,Team 2,
after,0,h_v_rog,17,1,0,1,Team 1,30.7
after,0,h_v_rog,18,0,0,0,Team 2,
after,0,h_v_rog,19,0,0,0,Team 2,
after,0,h_v_pri,0,1,0,1,Team 1,0.97
after,0,h_v_pri,1,1,0,1,Team 1,0.97
after,0,h_v_pri,2,1,0,1,Team 2,0.97
after,0,h_v_pri,3,1,0,1,Team 1,0.97
after,0,h_v_pri,4,1,0,1,Team 1,0.97
after,0,h_v_pri,5,1,0,1,Team 1,0.97
after,0,h_v_pri,6,1,0,1,Team 1,0.97
after,0,h_v_pri,7,1,0,1,Team 1,0.97
after,0,h_v_pri,8,1,0,1,Team 2,0.97
after,0,h_v_pri,9,1,0,1,Team 1,0.97
after,0,h_v_pri,10,1,0,1,Team 1,0.97
after,0,h_v_pri,11,1,0,1,Team 1,0.97
after,0,h_v_pri,12,1,0,1,Team 1,0.97
after,0,h_v_pri,13,1,0,1,Team 1,0.97
after,0,h_v_pri,14,1,0,1,Team 1,0.97
after,0,h_v_pri,15,1,0,1,Team 1,0.97
after,0,h_v_pri,16,1,0,1,Team 1,0.97
after,0,h_v_pri,17,1,0,1,Team 1,0.97
after,0,h_v_pri,18,1,0,1,Team 1,0.97
after,0,h_v_pri,19,1,0,1,Team 1,0.97
after,0,h_v_wlk,0,1,1,1,Team 2,1.02
after,0,h_v_wlk,1,1,1,1,Team 2,1.02
after,0,h_v_wlk,2,1,1,1,Team 1,1.02
after,0,h_v_wlk,3,1,1,1,Team 1,1.02
after,0,h_v_wlk,4,1,1,1,Team 1,1.02
after,0,h_v_wlk,5,1,1,1,Team 1,1.02
after,0,h_v_wlk,6,1,1,1,Team 1,1.02
after,0,h_v_wlk,7,1,1,1,Team 1,1.02
after,0,h_v_wlk,8,1,1,1,Team 1,1.02
after,0,h_v_wlk,9,1,1,1,Team 1,1.02
after,0,h_v_wlk,10,1,1,1,Team 1,1.02
after,0,h_v_wlk,11,1,1,1,Team 2,1.02
after,0,h_v_wlk,12,1,1,1,Team 1,1.02
after,0,h_v_wlk,13,1,1,1,Team 1,1.02
after,0,h_v_wlk,14,1,1,1,Team 1,1.02
after,0,h_v_wlk,15,1,1,1,Team 2,1.02
after,0,h_v_wlk,16,1,1,1,Team 1,1.02
after,0,h_v_wlk,17,1,1,1,Team 2,1.02
after,0,h_v_wlk,18,1,1,1,Team 1,1.02
after,0,h_v_wlk,19,1,1,1,Team 1,1.02
